{"stats":{"minecraft:mined":{"minecraft:white_bed":2,"minecraft:grass_block":78,"minecraft:spruce_fence":88,"minecraft:spruce_leaves":7,"minecraft:spruce_sapling":6,"minecraft:furnace":2,"quark:pink_blossom_leaves":875,"minecraft:barrel":2,"minecraft:iron_ore":50,"minecraft:stripped_spruce_log":1,"minecraft:potatoes":1,"minecraft:dirt_path":1,"minecraft:lantern":2,"minecraft:stone":26,"minecraft:podzol":92,"quark:spruce_hedge":2,"minecraft:dandelion":14,"minecraft:crafting_table":5,"minecraft:cornflower":11,"minecraft:torch":7,"quark:blossom_log":199,"minecraft:cobblestone":28,"minecraft:sugar_cane":8,"minecraft:oak_planks":4,"minecraft:diorite":1,"minecraft:wall_torch":1,"minecraft:birch_planks":7,"minecraft:spruce_log":632,"minecraft:black_bed":1,"minecraft:grass":17,"minecraft:oak_log":18,"minecraft:coal_ore":23,"minecraft:dirt":128,"minecraft:cobweb":16,"minecraft:oak_leaves":5,"minecraft:deepslate":45},"minecraft:picked_up":{"minecraft:spruce_leaves":4,"minecraft:crafting_table":5,"minecraft:iron_chestplate":1,"minecraft:cornflower":10,"minecraft:string":12,"minecraft:iron_axe":1,"minecraft:iron_leggings":1,"minecraft:pufferfish":1,"quark:pink_blossom_leaves":687,"minecraft:cobbled_deepslate":45,"minecraft:oak_boat":2,"minecraft:iron_pickaxe":1,"minecraft:sugar_cane":21,"minecraft:iron_boots":1,"minecraft:furnace":2,"minecraft:stick":54,"minecraft:raw_iron":83,"minecraft:torch":14,"minecraft:spruce_fence":83,"minecraft:porkchop":8,"quark:blossom_log":195,"quark:pink_blossom_sapling":11,"minecraft:diorite":1,"minecraft:arrow":4,"minecraft:rotten_flesh":6,"minecraft:mutton":6,"minecraft:cod":1,"minecraft:white_wool":4,"minecraft:cobblestone":76,"minecraft:salmon":1,"minecraft:black_bed":1,"minecraft:potato":1,"minecraft:birch_planks":4,"alexsmobs:cachalot_whale_tooth":1,"minecraft:flint":1,"minecraft:oak_log":18,"minecraft:cobblestone_stairs":1,"minecraft:dirt":314,"minecraft:lantern":2,"minecraft:bone":2,"minecraft:wheat_seeds":5,"minecraft:iron_ingot":2,"minecraft:stone_pickaxe":1,"minecraft:cobweb":5,"minecraft:oak_planks":4,"minecraft:iron_sword":1,"quark:spruce_hedge":2,"minecraft:cooked_porkchop":2,"minecraft:dandelion":12,"minecraft:gravel":3,"minecraft:spruce_sapling":109,"minecraft:ink_sac":15,"minecraft:white_bed":2,"minecraft:spruce_log":631,"minecraft:barrel":2,"minecraft:iron_helmet":1,"minecraft:gray_wool":1,"minecraft:oak_sapling":2,"minecraft:coal":68},"minecraft:killed":{"minecraft:spider":1,"minecraft:skeleton":2,"minecraft:pig":4,"minecraft:sheep":5,"minecraft:zombie":9},"minecraft:used":{"minecraft:iron_shovel":252,"quark:pink_blossom_leaves":67,"minecraft:shield":11,"minecraft:iron_sword":46,"minecraft:cooked_salmon":1,"minecraft:rotten_flesh":2,"minecraft:torch":34,"minecraft:dirt":215,"minecraft:spruce_fence":589,"quark:trowel":12,"minecraft:wooden_axe":7,"quark:spruce_chest":2,"minecraft:iron_axe":990,"minecraft:barrel":26,"minecraft:furnace":3,"minecraft:cooked_cod":1,"minecraft:potato":1,"minecraft:cobbled_deepslate":1,"quark:pink_blossom_sapling":5,"quark:blossom_log":1,"minecraft:wheat_seeds":1,"minecraft:cooked_mutton":4,"minecraft:spruce_door":1,"minecraft:stone_pickaxe":43,"minecraft:oak_planks":8,"quark:abacus":5,"minecraft:wooden_pickaxe":4,"quark:spruce_hedge":3,"minecraft:crafting_table":5,"minecraft:white_bed":2,"minecraft:black_bed":2,"minecraft:shears":713,"minecraft:spruce_log":52,"minecraft:iron_pickaxe":132,"minecraft:spruce_sapling":54,"minecraft:stone_axe":123,"minecraft:fishing_rod":3,"minecraft:cobblestone":73,"minecraft:cooked_porkchop":5,"alexsmobs:animal_dictionary":3,"quark:oak_chest":2,"minecraft:oak_boat":2,"minecraft:bone_meal":3,"minecraft:cobweb":5},"minecraft:custom":{"minecraft:mob_kills":21,"minecraft:interact_with_crafting_table":59,"minecraft:open_barrel":2,"minecraft:leave_game":2,"minecraft:time_since_death":91522,"minecraft:sprint_one_cm":211438,"minecraft:walk_one_cm":417099,"minecraft:damage_blocked_by_shield":640,"minecraft:drop":15,"minecraft:play_time":163899,"minecraft:deaths":2,"minecraft:sneak_time":21481,"minecraft:walk_under_water_one_cm":1838,"minecraft:boat_one_cm":138075,"minecraft:jump":2552,"minecraft:walk_on_water_one_cm":4719,"minecraft:total_world_time":163899,"minecraft:interact_with_furnace":50,"minecraft:sleep_in_bed":4,"minecraft:time_since_rest":91546,"minecraft:damage_taken":1077,"minecraft:damage_dealt":2921,"minecraft:swim_one_cm":2559,"minecraft:fly_one_cm":269217,"minecraft:open_chest":77,"minecraft:crouch_one_cm":64018,"minecraft:fish_caught":3,"minecraft:fall_one_cm":55182},"minecraft:broken":{"minecraft:iron_shovel":1,"minecraft:shears":2,"minecraft:iron_axe":4},"minecraft:crafted":{"minecraft:black_dye":2,"minecraft:oak_planks":72,"minecraft:barrel":36,"minecraft:fishing_rod":1,"quark:trowel":1,"minecraft:furnace":1,"minecraft:bone_meal":3,"minecraft:spruce_fence":609,"minecraft:cooked_mutton":4,"minecraft:iron_boots":1,"minecraft:bow":2,"minecraft:polished_deepslate":44,"minecraft:iron_axe":4,"minecraft:spruce_slab":384,"minecraft:stone_pickaxe":1,"quark:spruce_chest":2,"minecraft:cooked_cod":1,"quark:spruce_hedge":2,"quark:blossom_planks":28,"minecraft:cooked_porkchop":8,"minecraft:spruce_planks":1524,"minecraft:wooden_pickaxe":1,"minecraft:iron_helmet":1,"minecraft:iron_sword":1,"minecraft:spruce_door":3,"minecraft:cooked_salmon":1,"minecraft:deepslate_tiles":44,"minecraft:stone_axe":2,"minecraft:air":0,"minecraft:oak_boat":1,"minecraft:iron_chestplate":1,"minecraft:shield":2,"minecraft:stick":784,"quark:oak_chest":2,"minecraft:iron_ingot":67,"minecraft:iron_pickaxe":1,"minecraft:wooden_axe":1,"minecraft:iron_shovel":1,"minecraft:iron_leggings":1,"minecraft:black_bed":1,"minecraft:white_bed":1,"minecraft:torch":36,"minecraft:deepslate_bricks":44,"quark:abacus":1,"minecraft:shears":3},"minecraft:dropped":{"minecraft:iron_ingot":3,"minecraft:wheat_seeds":5,"minecraft:dirt":1,"minecraft:wooden_axe":1,"minecraft:bone":1,"quark:pink_blossom_leaves":66,"minecraft:oak_sapling":2,"minecraft:arrow":1,"minecraft:wooden_pickaxe":1,"minecraft:stone_pickaxe":2}},"DataVersion":3120}