{"stats":{"minecraft:mined":{"minecraft:white_bed":2,"minecraft:grass_block":19,"minecraft:spruce_fence":88,"minecraft:spruce_leaves":7,"minecraft:furnace":2,"quark:pink_blossom_leaves":875,"minecraft:iron_ore":50,"minecraft:potatoes":1,"minecraft:dirt_path":1,"minecraft:lantern":2,"minecraft:stone":26,"quark:spruce_hedge":1,"minecraft:dandelion":7,"minecraft:crafting_table":5,"minecraft:cornflower":2,"minecraft:torch":1,"quark:blossom_log":199,"minecraft:cobblestone":20,"minecraft:sugar_cane":8,"minecraft:oak_planks":4,"minecraft:diorite":1,"minecraft:wall_torch":1,"minecraft:birch_planks":5,"minecraft:spruce_log":608,"minecraft:grass":12,"minecraft:oak_log":18,"minecraft:coal_ore":23,"minecraft:dirt":102,"minecraft:cobweb":16,"minecraft:oak_leaves":5},"minecraft:picked_up":{"minecraft:spruce_leaves":4,"minecraft:crafting_table":5,"minecraft:iron_chestplate":1,"minecraft:cornflower":1,"minecraft:string":12,"minecraft:iron_axe":1,"minecraft:iron_leggings":1,"minecraft:pufferfish":1,"quark:pink_blossom_leaves":687,"minecraft:oak_boat":2,"minecraft:iron_pickaxe":1,"minecraft:sugar_cane":21,"minecraft:iron_boots":1,"minecraft:furnace":2,"minecraft:stick":52,"minecraft:raw_iron":83,"minecraft:torch":2,"minecraft:spruce_fence":83,"minecraft:porkchop":8,"quark:blossom_log":195,"quark:pink_blossom_sapling":11,"minecraft:diorite":1,"minecraft:arrow":4,"minecraft:rotten_flesh":6,"minecraft:mutton":6,"minecraft:cod":1,"minecraft:white_wool":4,"minecraft:cobblestone":68,"minecraft:salmon":1,"minecraft:potato":1,"minecraft:birch_planks":2,"alexsmobs:cachalot_whale_tooth":1,"minecraft:flint":1,"minecraft:oak_log":18,"minecraft:dirt":141,"minecraft:lantern":2,"minecraft:bone":2,"minecraft:wheat_seeds":1,"minecraft:iron_ingot":2,"minecraft:stone_pickaxe":1,"minecraft:cobweb":5,"minecraft:oak_planks":4,"minecraft:iron_sword":1,"quark:spruce_hedge":1,"minecraft:dandelion":5,"minecraft:gravel":3,"minecraft:spruce_sapling":93,"minecraft:ink_sac":15,"minecraft:white_bed":2,"minecraft:spruce_log":608,"minecraft:iron_helmet":1,"minecraft:gray_wool":1,"minecraft:oak_sapling":2,"minecraft:coal":68},"minecraft:killed":{"minecraft:spider":1,"minecraft:skeleton":2,"minecraft:pig":4,"minecraft:sheep":5,"minecraft:zombie":9},"minecraft:used":{"minecraft:iron_shovel":104,"quark:pink_blossom_leaves":67,"minecraft:shield":11,"minecraft:iron_sword":46,"minecraft:cooked_salmon":1,"minecraft:torch":33,"minecraft:dirt":85,"minecraft:spruce_fence":589,"quark:trowel":12,"minecraft:wooden_axe":7,"quark:spruce_chest":2,"minecraft:iron_axe":990,"minecraft:furnace":3,"minecraft:cooked_cod":1,"minecraft:potato":1,"quark:pink_blossom_sapling":5,"quark:blossom_log":1,"minecraft:wheat_seeds":1,"minecraft:cooked_mutton":4,"minecraft:stone_pickaxe":43,"minecraft:oak_planks":8,"quark:abacus":5,"minecraft:wooden_pickaxe":4,"quark:spruce_hedge":3,"minecraft:crafting_table":5,"minecraft:white_bed":2,"minecraft:black_bed":1,"minecraft:shears":713,"minecraft:iron_pickaxe":79,"minecraft:spruce_sapling":54,"minecraft:stone_axe":88,"minecraft:fishing_rod":3,"minecraft:cobblestone":41,"minecraft:cooked_porkchop":5,"alexsmobs:animal_dictionary":3,"quark:oak_chest":2,"minecraft:oak_boat":2,"minecraft:bone_meal":3,"minecraft:cobweb":5},"minecraft:custom":{"minecraft:mob_kills":21,"minecraft:interact_with_crafting_table":48,"minecraft:leave_game":2,"minecraft:time_since_death":67522,"minecraft:sprint_one_cm":197927,"minecraft:walk_one_cm":333675,"minecraft:damage_blocked_by_shield":640,"minecraft:drop":14,"minecraft:play_time":139899,"minecraft:deaths":2,"minecraft:sneak_time":18529,"minecraft:walk_under_water_one_cm":1838,"minecraft:boat_one_cm":138075,"minecraft:jump":2262,"minecraft:walk_on_water_one_cm":4556,"minecraft:total_world_time":139899,"minecraft:interact_with_furnace":50,"minecraft:sleep_in_bed":4,"minecraft:time_since_rest":67546,"minecraft:damage_taken":1017,"minecraft:damage_dealt":2921,"minecraft:swim_one_cm":2559,"minecraft:fly_one_cm":253012,"minecraft:open_chest":64,"minecraft:crouch_one_cm":50999,"minecraft:fish_caught":3,"minecraft:fall_one_cm":51243},"minecraft:broken":{"minecraft:shears":2,"minecraft:iron_axe":4},"minecraft:crafted":{"minecraft:black_dye":2,"minecraft:oak_planks":72,"minecraft:fishing_rod":1,"quark:trowel":1,"minecraft:furnace":1,"minecraft:bone_meal":3,"minecraft:spruce_fence":609,"minecraft:cooked_mutton":4,"minecraft:iron_boots":1,"minecraft:bow":2,"minecraft:iron_axe":4,"minecraft:stone_pickaxe":1,"quark:spruce_chest":2,"minecraft:cooked_cod":1,"quark:spruce_hedge":2,"quark:blossom_planks":28,"minecraft:cooked_porkchop":8,"minecraft:spruce_planks":1076,"minecraft:wooden_pickaxe":1,"minecraft:iron_helmet":1,"minecraft:iron_sword":1,"minecraft:cooked_salmon":1,"minecraft:stone_axe":2,"minecraft:air":0,"minecraft:oak_boat":1,"minecraft:iron_chestplate":1,"minecraft:shield":2,"minecraft:stick":784,"quark:oak_chest":2,"minecraft:iron_ingot":67,"minecraft:iron_pickaxe":1,"minecraft:wooden_axe":1,"minecraft:iron_shovel":1,"minecraft:iron_leggings":1,"minecraft:black_bed":1,"minecraft:white_bed":1,"minecraft:torch":36,"quark:abacus":1,"minecraft:shears":3},"minecraft:dropped":{"minecraft:iron_ingot":3,"minecraft:dirt":1,"minecraft:wooden_axe":1,"minecraft:bone":1,"quark:pink_blossom_leaves":66,"minecraft:oak_sapling":2,"minecraft:arrow":1,"minecraft:wooden_pickaxe":1,"minecraft:stone_pickaxe":2}},"DataVersion":3120}