{"stats":{"minecraft:killed":{"minecraft:pig":4,"minecraft:spider":1,"minecraft:sheep":5,"minecraft:skeleton":1,"minecraft:zombie":5},"minecraft:custom":{"minecraft:interact_with_furnace":21,"minecraft:mob_kills":16,"minecraft:interact_with_crafting_table":16,"minecraft:leave_game":1,"minecraft:time_since_death":44672,"minecraft:sleep_in_bed":2,"minecraft:time_since_rest":3570,"minecraft:sprint_one_cm":94870,"minecraft:damage_taken":164,"minecraft:walk_one_cm":82737,"minecraft:damage_blocked_by_shield":560,"minecraft:drop":6,"minecraft:damage_dealt":2263,"minecraft:swim_one_cm":2559,"minecraft:fly_one_cm":135417,"minecraft:crouch_one_cm":7544,"minecraft:play_time":44672,"minecraft:sneak_time":3065,"minecraft:walk_under_water_one_cm":1838,"minecraft:boat_one_cm":138075,"minecraft:jump":849,"minecraft:walk_on_water_one_cm":4556,"minecraft:total_world_time":44672,"minecraft:fish_caught":3,"minecraft:fall_one_cm":17153},"minecraft:dropped":{"minecraft:wooden_axe":1,"minecraft:oak_sapling":2,"minecraft:arrow":1,"minecraft:wooden_pickaxe":1,"minecraft:stone_pickaxe":2},"minecraft:crafted":{"minecraft:oak_planks":32,"minecraft:fishing_rod":1,"minecraft:cooked_porkchop":8,"minecraft:wooden_pickaxe":1,"minecraft:iron_sword":1,"minecraft:furnace":1,"minecraft:air":0,"minecraft:oak_boat":1,"minecraft:iron_chestplate":1,"minecraft:iron_boots":1,"minecraft:shield":1,"minecraft:iron_axe":1,"minecraft:stick":16,"minecraft:iron_ingot":28,"minecraft:iron_pickaxe":1,"minecraft:stone_pickaxe":1,"minecraft:wooden_axe":1,"minecraft:iron_leggings":1,"minecraft:white_bed":1,"minecraft:torch":4,"minecraft:shears":1},"minecraft:picked_up":{"minecraft:crafting_table":5,"minecraft:salmon":1,"alexsmobs:cachalot_whale_tooth":1,"minecraft:oak_log":18,"minecraft:dirt":3,"minecraft:string":2,"minecraft:lantern":2,"minecraft:pufferfish":1,"minecraft:bone":1,"quark:pink_blossom_leaves":60,"minecraft:iron_ingot":2,"minecraft:stone_pickaxe":1,"minecraft:oak_boat":2,"minecraft:sugar_cane":21,"minecraft:oak_planks":4,"minecraft:furnace":2,"minecraft:raw_iron":72,"minecraft:stick":10,"minecraft:torch":1,"minecraft:gravel":3,"quark:blossom_log":30,"minecraft:porkchop":8,"minecraft:spruce_sapling":10,"minecraft:ink_sac":15,"minecraft:diorite":1,"minecraft:white_bed":2,"minecraft:spruce_log":77,"minecraft:arrow":1,"minecraft:rotten_flesh":4,"minecraft:gray_wool":1,"minecraft:oak_sapling":2,"minecraft:mutton":6,"minecraft:cod":1,"minecraft:coal":49,"minecraft:white_wool":4,"minecraft:cobblestone":52},"minecraft:mined":{"minecraft:white_bed":2,"minecraft:crafting_table":5,"minecraft:grass_block":2,"quark:blossom_log":30,"minecraft:cobblestone":15,"minecraft:sugar_cane":8,"minecraft:oak_planks":4,"minecraft:diorite":1,"minecraft:wall_torch":1,"minecraft:furnace":2,"quark:pink_blossom_leaves":91,"minecraft:iron_ore":50,"minecraft:spruce_log":77,"minecraft:grass":4,"minecraft:coal_ore":23,"minecraft:oak_log":18,"minecraft:lantern":2,"minecraft:dirt":1,"minecraft:stone":22,"minecraft:oak_leaves":5},"minecraft:used":{"minecraft:stone_pickaxe":43,"minecraft:oak_planks":8,"minecraft:wooden_pickaxe":4,"minecraft:shield":9,"minecraft:iron_sword":31,"minecraft:torch":1,"minecraft:dirt":3,"minecraft:crafting_table":5,"minecraft:white_bed":2,"minecraft:shears":78,"minecraft:wooden_axe":7,"minecraft:iron_axe":150,"minecraft:iron_pickaxe":70,"minecraft:fishing_rod":3,"minecraft:cobblestone":24,"minecraft:furnace":3,"minecraft:cooked_porkchop":4,"minecraft:oak_boat":2,"alexsmobs:animal_dictionary":3}},"DataVersion":3120}