{"stats":{"minecraft:broken":{"minecraft:iron_axe":1,"minecraft:shears":1},"minecraft:killed":{"minecraft:pig":4,"minecraft:spider":1,"minecraft:sheep":5,"minecraft:skeleton":1,"minecraft:zombie":5},"minecraft:custom":{"minecraft:interact_with_furnace":38,"minecraft:mob_kills":16,"minecraft:interact_with_crafting_table":29,"minecraft:leave_game":1,"minecraft:time_since_death":8295,"minecraft:sleep_in_bed":4,"minecraft:time_since_rest":8319,"minecraft:sprint_one_cm":140574,"minecraft:damage_taken":844,"minecraft:walk_one_cm":183981,"minecraft:damage_blocked_by_shield":560,"minecraft:drop":11,"minecraft:damage_dealt":2401,"minecraft:swim_one_cm":2559,"minecraft:fly_one_cm":213282,"minecraft:open_chest":34,"minecraft:crouch_one_cm":13367,"minecraft:play_time":80672,"minecraft:deaths":2,"minecraft:sneak_time":6502,"minecraft:walk_under_water_one_cm":1838,"minecraft:boat_one_cm":138075,"minecraft:jump":1542,"minecraft:walk_on_water_one_cm":4556,"minecraft:total_world_time":80672,"minecraft:fish_caught":3,"minecraft:fall_one_cm":38264},"minecraft:dropped":{"quark:pink_blossom_leaves":66,"minecraft:dirt":1,"minecraft:wooden_axe":1,"minecraft:oak_sapling":2,"minecraft:arrow":1,"minecraft:wooden_pickaxe":1,"minecraft:stone_pickaxe":2,"minecraft:bone":1},"minecraft:crafted":{"minecraft:black_dye":2,"minecraft:cooked_cod":1,"minecraft:oak_planks":72,"minecraft:fishing_rod":1,"minecraft:cooked_porkchop":8,"minecraft:spruce_planks":72,"minecraft:iron_helmet":1,"minecraft:wooden_pickaxe":1,"minecraft:iron_sword":1,"minecraft:furnace":1,"minecraft:cooked_salmon":1,"minecraft:bone_meal":3,"minecraft:spruce_fence":54,"minecraft:air":0,"minecraft:oak_boat":1,"minecraft:iron_chestplate":1,"minecraft:iron_boots":1,"minecraft:shield":2,"minecraft:iron_axe":2,"minecraft:stick":276,"quark:oak_chest":2,"minecraft:iron_ingot":64,"minecraft:iron_pickaxe":1,"minecraft:stone_pickaxe":1,"minecraft:wooden_axe":1,"minecraft:iron_shovel":1,"minecraft:black_bed":1,"minecraft:iron_leggings":1,"minecraft:white_bed":1,"minecraft:torch":4,"minecraft:shears":1},"minecraft:picked_up":{"minecraft:iron_chestplate":1,"minecraft:crafting_table":5,"minecraft:salmon":1,"alexsmobs:cachalot_whale_tooth":1,"minecraft:oak_log":18,"minecraft:dirt":82,"minecraft:string":2,"minecraft:lantern":2,"minecraft:iron_axe":1,"minecraft:iron_leggings":1,"minecraft:pufferfish":1,"minecraft:bone":2,"quark:pink_blossom_leaves":302,"minecraft:iron_ingot":2,"minecraft:stone_pickaxe":1,"minecraft:oak_boat":2,"minecraft:iron_pickaxe":1,"minecraft:sugar_cane":21,"minecraft:iron_sword":1,"minecraft:oak_planks":4,"minecraft:iron_boots":1,"minecraft:furnace":2,"minecraft:raw_iron":83,"minecraft:stick":10,"minecraft:torch":2,"minecraft:gravel":3,"quark:pink_blossom_sapling":5,"quark:blossom_log":87,"minecraft:porkchop":8,"minecraft:spruce_sapling":10,"minecraft:ink_sac":15,"minecraft:diorite":1,"minecraft:white_bed":2,"minecraft:spruce_log":91,"minecraft:arrow":2,"minecraft:rotten_flesh":4,"minecraft:iron_helmet":1,"minecraft:gray_wool":1,"minecraft:oak_sapling":2,"minecraft:mutton":6,"minecraft:cod":1,"minecraft:coal":68,"minecraft:white_wool":4,"minecraft:cobblestone":57},"minecraft:mined":{"minecraft:white_bed":2,"minecraft:torch":1,"minecraft:crafting_table":5,"minecraft:grass_block":18,"quark:blossom_log":87,"minecraft:cobblestone":15,"minecraft:spruce_leaves":3,"minecraft:sugar_cane":8,"minecraft:oak_planks":4,"minecraft:diorite":1,"minecraft:wall_torch":1,"minecraft:furnace":2,"quark:pink_blossom_leaves":294,"minecraft:iron_ore":50,"minecraft:spruce_log":91,"minecraft:dirt_path":1,"minecraft:grass":7,"minecraft:coal_ore":23,"minecraft:oak_log":18,"minecraft:lantern":2,"minecraft:dirt":36,"minecraft:stone":22,"minecraft:oak_leaves":5},"minecraft:used":{"minecraft:iron_shovel":40,"quark:pink_blossom_leaves":67,"minecraft:stone_pickaxe":43,"minecraft:oak_planks":8,"minecraft:wooden_pickaxe":4,"minecraft:shield":9,"minecraft:iron_sword":31,"minecraft:cooked_salmon":1,"minecraft:torch":1,"minecraft:dirt":16,"minecraft:crafting_table":5,"minecraft:white_bed":2,"minecraft:black_bed":1,"minecraft:spruce_fence":50,"minecraft:shears":238,"minecraft:wooden_axe":7,"minecraft:iron_axe":256,"minecraft:iron_pickaxe":70,"minecraft:spruce_sapling":10,"minecraft:fishing_rod":3,"minecraft:cobblestone":41,"minecraft:cooked_cod":1,"minecraft:furnace":3,"minecraft:cooked_porkchop":5,"quark:oak_chest":2,"minecraft:oak_boat":2,"alexsmobs:animal_dictionary":3,"quark:pink_blossom_sapling":5,"minecraft:bone_meal":3}},"DataVersion":3120}