{"stats":{"minecraft:mined":{"minecraft:white_bed":2,"minecraft:dandelion":7,"minecraft:cornflower":2,"minecraft:crafting_table":5,"minecraft:torch":1,"minecraft:spruce_fence":88,"minecraft:grass_block":19,"quark:blossom_log":137,"minecraft:cobblestone":15,"minecraft:spruce_leaves":3,"minecraft:oak_planks":4,"minecraft:sugar_cane":8,"minecraft:diorite":1,"minecraft:wall_torch":1,"minecraft:birch_planks":2,"minecraft:furnace":2,"quark:pink_blossom_leaves":548,"minecraft:iron_ore":50,"minecraft:spruce_log":332,"minecraft:grass":11,"minecraft:coal_ore":23,"minecraft:oak_log":18,"minecraft:dirt_path":1,"minecraft:lantern":2,"minecraft:dirt":69,"minecraft:stone":25,"minecraft:oak_leaves":5},"minecraft:picked_up":{"minecraft:iron_chestplate":1,"minecraft:crafting_table":5,"minecraft:salmon":1,"minecraft:birch_planks":2,"alexsmobs:cachalot_whale_tooth":1,"minecraft:oak_log":18,"minecraft:cornflower":1,"minecraft:dirt":111,"minecraft:string":2,"minecraft:lantern":2,"minecraft:iron_axe":1,"minecraft:iron_leggings":1,"minecraft:pufferfish":1,"minecraft:bone":2,"quark:pink_blossom_leaves":445,"minecraft:iron_ingot":2,"minecraft:stone_pickaxe":1,"minecraft:oak_boat":2,"minecraft:iron_pickaxe":1,"minecraft:sugar_cane":21,"minecraft:iron_sword":1,"minecraft:oak_planks":4,"minecraft:iron_boots":1,"minecraft:furnace":2,"minecraft:stick":38,"minecraft:raw_iron":83,"minecraft:torch":2,"minecraft:dandelion":5,"minecraft:gravel":3,"minecraft:spruce_fence":83,"quark:blossom_log":134,"minecraft:porkchop":8,"quark:pink_blossom_sapling":7,"minecraft:spruce_sapling":54,"minecraft:ink_sac":15,"minecraft:diorite":1,"minecraft:white_bed":2,"minecraft:spruce_log":332,"minecraft:arrow":2,"minecraft:rotten_flesh":6,"minecraft:iron_helmet":1,"minecraft:gray_wool":1,"minecraft:oak_sapling":2,"minecraft:mutton":6,"minecraft:cod":1,"minecraft:coal":68,"minecraft:white_wool":4,"minecraft:cobblestone":60},"minecraft:killed":{"minecraft:pig":4,"minecraft:spider":1,"minecraft:sheep":5,"minecraft:skeleton":1,"minecraft:zombie":8},"minecraft:used":{"minecraft:cooked_mutton":3,"minecraft:wheat_seeds":1,"minecraft:iron_shovel":71,"quark:pink_blossom_leaves":67,"minecraft:stone_pickaxe":43,"minecraft:oak_planks":8,"minecraft:wooden_pickaxe":4,"minecraft:shield":9,"minecraft:iron_sword":32,"minecraft:cooked_salmon":1,"minecraft:torch":1,"minecraft:dirt":57,"minecraft:crafting_table":5,"minecraft:white_bed":2,"quark:trowel":12,"minecraft:black_bed":1,"minecraft:spruce_fence":589,"minecraft:shears":452,"minecraft:wooden_axe":7,"quark:spruce_chest":2,"minecraft:iron_axe":658,"minecraft:iron_pickaxe":73,"minecraft:spruce_sapling":34,"minecraft:fishing_rod":3,"minecraft:cobblestone":41,"minecraft:cooked_cod":1,"minecraft:furnace":3,"minecraft:cooked_porkchop":5,"quark:oak_chest":2,"minecraft:oak_boat":2,"alexsmobs:animal_dictionary":3,"quark:pink_blossom_sapling":5,"minecraft:bone_meal":3},"minecraft:custom":{"minecraft:interact_with_furnace":45,"minecraft:mob_kills":19,"minecraft:interact_with_crafting_table":42,"minecraft:leave_game":2,"minecraft:time_since_death":44566,"minecraft:sleep_in_bed":4,"minecraft:time_since_rest":44590,"minecraft:sprint_one_cm":169835,"minecraft:damage_taken":984,"minecraft:walk_one_cm":265066,"minecraft:damage_blocked_by_shield":560,"minecraft:drop":14,"minecraft:damage_dealt":2521,"minecraft:swim_one_cm":2559,"minecraft:fly_one_cm":231411,"minecraft:open_chest":48,"minecraft:play_time":116943,"minecraft:crouch_one_cm":45553,"minecraft:sneak_time":15571,"minecraft:deaths":2,"minecraft:walk_under_water_one_cm":1838,"minecraft:boat_one_cm":138075,"minecraft:jump":1870,"minecraft:walk_on_water_one_cm":4556,"minecraft:total_world_time":116943,"minecraft:fish_caught":3,"minecraft:fall_one_cm":45836},"minecraft:broken":{"minecraft:iron_axe":1,"minecraft:shears":1},"minecraft:crafted":{"minecraft:black_dye":2,"minecraft:cooked_cod":1,"minecraft:oak_planks":72,"quark:blossom_planks":28,"minecraft:fishing_rod":1,"minecraft:cooked_porkchop":8,"minecraft:spruce_planks":1076,"quark:trowel":1,"minecraft:iron_helmet":1,"minecraft:wooden_pickaxe":1,"minecraft:iron_sword":1,"minecraft:furnace":1,"minecraft:cooked_salmon":1,"minecraft:bone_meal":3,"minecraft:spruce_fence":609,"minecraft:cooked_mutton":3,"minecraft:air":0,"minecraft:oak_boat":1,"minecraft:iron_boots":1,"minecraft:iron_chestplate":1,"minecraft:shield":2,"minecraft:iron_axe":3,"minecraft:stick":768,"quark:oak_chest":2,"minecraft:iron_ingot":67,"minecraft:iron_pickaxe":1,"minecraft:stone_pickaxe":1,"minecraft:wooden_axe":1,"minecraft:iron_shovel":1,"minecraft:iron_leggings":1,"minecraft:black_bed":1,"minecraft:white_bed":1,"quark:spruce_chest":2,"minecraft:torch":4,"minecraft:shears":2},"minecraft:dropped":{"quark:pink_blossom_leaves":66,"minecraft:iron_ingot":3,"minecraft:dirt":1,"minecraft:wooden_axe":1,"minecraft:oak_sapling":2,"minecraft:arrow":1,"minecraft:wooden_pickaxe":1,"minecraft:stone_pickaxe":2,"minecraft:bone":1}},"DataVersion":3120}