{"stats":{"minecraft:mined":{"minecraft:tuff":12,"minecraft:spruce_planks":3,"minecraft:white_bed":2,"minecraft:deepslate_diamond_ore":2,"minecraft:jack_o_lantern":1,"minecraft:grass_block":107,"minecraft:spruce_fence":90,"minecraft:deepslate_bricks":35,"minecraft:spruce_leaves":11,"minecraft:deepslate_tile_stairs":14,"minecraft:spruce_sapling":6,"minecraft:furnace":2,"minecraft:carrots":17,"quark:pink_blossom_leaves":878,"minecraft:iron_ore":50,"minecraft:barrel":3,"minecraft:stripped_spruce_log":4,"minecraft:potatoes":34,"minecraft:deepslate_iron_ore":8,"minecraft:dirt_path":1,"minecraft:lantern":2,"minecraft:deepslate_brick_stairs":17,"minecraft:stone":26,"minecraft:spruce_slab":3,"quark:spruce_hedge":2,"minecraft:podzol":100,"minecraft:polished_deepslate_stairs":1,"minecraft:dandelion":14,"quark:cobblestone_bricks":38,"minecraft:cornflower":11,"minecraft:crafting_table":5,"minecraft:torch":8,"quark:blossom_log":199,"minecraft:tall_grass":5,"endofherobrine:glowing_obsidian":1,"minecraft:cobblestone":30,"minecraft:oak_planks":4,"minecraft:sugar_cane":34,"minecraft:diorite":1,"minecraft:wall_torch":1,"minecraft:spruce_stairs":31,"minecraft:birch_planks":7,"minecraft:wheat":1,"minecraft:spruce_log":701,"minecraft:black_bed":3,"minecraft:yellow_bed":3,"minecraft:grass":25,"minecraft:oak_log":18,"minecraft:coal_ore":23,"minecraft:dirt":157,"minecraft:cobweb":16,"minecraft:oak_leaves":5,"minecraft:deepslate":88},"minecraft:picked_up":{"minecraft:spruce_leaves":4,"minecraft:iron_chestplate":1,"minecraft:crafting_table":5,"minecraft:creeper_head":2,"minecraft:cornflower":21,"minecraft:string":12,"minecraft:iron_axe":1,"minecraft:iron_leggings":1,"minecraft:pufferfish":1,"quark:pink_blossom_leaves":721,"minecraft:cobbled_deepslate":88,"minecraft:spruce_planks":2,"minecraft:oak_boat":2,"minecraft:poppy":8,"minecraft:iron_pickaxe":1,"minecraft:spruce_slab":3,"minecraft:sugar_cane":71,"minecraft:iron_boots":1,"minecraft:furnace":2,"minecraft:stick":54,"minecraft:raw_iron":98,"minecraft:oak_door":1,"minecraft:polished_deepslate_stairs":1,"minecraft:torch":26,"minecraft:spruce_stairs":19,"minecraft:spruce_fence":85,"quark:blossom_log":195,"minecraft:porkchop":8,"quark:pink_blossom_sapling":12,"minecraft:diorite":1,"minecraft:carrot":49,"minecraft:deepslate_tile_stairs":12,"minecraft:arrow":4,"minecraft:rotten_flesh":6,"minecraft:deepslate_bricks":35,"minecraft:deepslate_brick_stairs":11,"minecraft:mutton":6,"minecraft:bone_block":21,"minecraft:cod":1,"minecraft:white_wool":4,"minecraft:cobblestone":78,"minecraft:salmon":1,"minecraft:black_bed":3,"minecraft:potato":118,"minecraft:birch_planks":4,"alexsmobs:cachalot_whale_tooth":1,"minecraft:flint":1,"minecraft:tuff":12,"minecraft:oak_log":18,"minecraft:yellow_bed":3,"minecraft:gunpowder":4,"minecraft:cobblestone_stairs":1,"minecraft:dirt":376,"minecraft:lantern":2,"minecraft:bone":2,"minecraft:wheat_seeds":7,"minecraft:iron_ingot":14,"minecraft:stone_pickaxe":1,"minecraft:cobweb":5,"minecraft:iron_sword":1,"minecraft:oak_planks":4,"quark:spruce_hedge":2,"minecraft:cooked_porkchop":2,"minecraft:dandelion":27,"minecraft:poisonous_potato":1,"minecraft:gravel":3,"minecraft:stripped_spruce_log":3,"minecraft:spruce_sapling":128,"minecraft:ink_sac":15,"minecraft:white_bed":2,"minecraft:spruce_log":694,"minecraft:barrel":3,"quark:cobblestone_bricks":38,"minecraft:infested_stone_bricks":26,"minecraft:diamond":2,"minecraft:spruce_boat":1,"minecraft:iron_helmet":1,"minecraft:gray_wool":1,"minecraft:jack_o_lantern":2,"minecraft:oak_sapling":2,"minecraft:coal":68},"minecraft:killed_by":{"minecraft:zombie":1},"minecraft:killed":{"minecraft:witch":1,"minecraft:spider":2,"quark:toretoise":1,"minecraft:skeleton":2,"minecraft:pig":4,"minecraft:iron_golem":3,"minecraft:creeper":2,"minecraft:sheep":5,"minecraft:zombie":14},"minecraft:used":{"quark:pink_blossom_leaves":67,"minecraft:iron_shovel":252,"minecraft:spruce_slab":58,"minecraft:stone_shovel":48,"minecraft:spruce_planks":122,"minecraft:shield":13,"minecraft:iron_sword":148,"minecraft:cooked_salmon":1,"minecraft:rotten_flesh":2,"minecraft:torch":34,"minecraft:dirt":1413,"minecraft:spruce_stairs":92,"minecraft:carrot":18,"minecraft:tuff":6,"minecraft:spruce_fence":591,"quark:trowel":12,"minecraft:stripped_spruce_log":2,"minecraft:polished_deepslate_stairs":1,"minecraft:spruce_boat":1,"minecraft:wooden_axe":7,"quark:spruce_chest":2,"minecraft:iron_axe":990,"minecraft:barrel":62,"minecraft:bow":2,"minecraft:cooked_cod":1,"minecraft:deepslate_tile_stairs":62,"minecraft:furnace":3,"minecraft:potato":40,"quark:pink_blossom_sapling":5,"minecraft:cobbled_deepslate":1,"quark:blossom_log":1,"minecraft:wheat_seeds":2,"minecraft:cooked_mutton":4,"minecraft:spruce_door":1,"minecraft:baked_potato":2,"quark:cobblestone_bricks":38,"minecraft:oak_planks":8,"minecraft:stone_pickaxe":43,"quark:abacus":5,"minecraft:wooden_pickaxe":4,"minecraft:deepslate_bricks":72,"quark:spruce_hedge":3,"minecraft:dark_oak_trapdoor":8,"minecraft:crafting_table":6,"minecraft:white_bed":2,"minecraft:spruce_log":68,"minecraft:black_bed":4,"minecraft:deepslate_brick_stairs":49,"minecraft:shears":714,"minecraft:diamond_pickaxe":77,"minecraft:apple":5,"minecraft:bread":6,"minecraft:iron_pickaxe":228,"minecraft:map":1,"minecraft:spruce_sapling":54,"minecraft:stone_axe":251,"minecraft:fishing_rod":3,"minecraft:cobblestone":85,"minecraft:cooked_porkchop":7,"quark:oak_chest":2,"minecraft:yellow_bed":3,"minecraft:oak_boat":2,"alexsmobs:animal_dictionary":3,"minecraft:bone_meal":3,"minecraft:cobweb":5},"minecraft:custom":{"minecraft:mob_kills":37,"minecraft:interact_with_crafting_table":82,"minecraft:open_barrel":50,"minecraft:leave_game":8,"minecraft:time_since_death":0,"minecraft:climb_one_cm":722,"minecraft:sprint_one_cm":341637,"minecraft:walk_one_cm":651471,"minecraft:damage_blocked_by_shield":745,"minecraft:drop":22,"minecraft:talked_to_villager":9,"minecraft:play_time":267677,"minecraft:sneak_time":51327,"minecraft:deaths":4,"minecraft:walk_under_water_one_cm":1974,"minecraft:boat_one_cm":164212,"minecraft:jump":3917,"minecraft:walk_on_water_one_cm":5148,"minecraft:total_world_time":267677,"minecraft:interact_with_furnace":51,"minecraft:traded_with_villager":1,"minecraft:sleep_in_bed":10,"minecraft:time_since_rest":303,"minecraft:damage_taken":1970,"minecraft:damage_dealt":6965,"minecraft:swim_one_cm":2559,"minecraft:fly_one_cm":464938,"minecraft:crouch_one_cm":183976,"minecraft:open_chest":116,"minecraft:fish_caught":3,"minecraft:interact_with_smoker":5,"minecraft:fall_one_cm":72198},"minecraft:broken":{"minecraft:iron_shovel":1,"minecraft:shears":3,"minecraft:iron_axe":4,"minecraft:stone_axe":1},"minecraft:crafted":{"minecraft:black_dye":2,"minecraft:oak_planks":72,"minecraft:barrel":63,"minecraft:fishing_rod":1,"minecraft:polished_deepslate_stairs":24,"quark:trowel":1,"minecraft:furnace":1,"minecraft:dark_oak_trapdoor":12,"minecraft:bone_meal":3,"minecraft:spruce_fence":609,"minecraft:cooked_mutton":4,"minecraft:deepslate_brick_stairs":44,"minecraft:spruce_stairs":76,"minecraft:bow":2,"minecraft:iron_boots":1,"minecraft:polished_deepslate":272,"minecraft:iron_axe":4,"minecraft:spruce_slab":384,"quark:cobblestone_bricks":116,"minecraft:stone_pickaxe":1,"minecraft:spruce_boat":1,"quark:spruce_chest":2,"minecraft:dark_oak_planks":36,"minecraft:cooked_cod":1,"quark:spruce_hedge":2,"quark:blossom_planks":28,"minecraft:cooked_porkchop":8,"minecraft:crafting_table":1,"minecraft:spruce_planks":1900,"minecraft:iron_helmet":1,"minecraft:wooden_pickaxe":1,"minecraft:baked_potato":10,"minecraft:iron_sword":1,"minecraft:spruce_door":3,"minecraft:cooked_salmon":1,"minecraft:deepslate_tiles":108,"minecraft:stone_axe":2,"minecraft:bread":6,"minecraft:air":0,"minecraft:oak_boat":1,"minecraft:iron_chestplate":1,"minecraft:diamond_pickaxe":1,"minecraft:shield":2,"minecraft:stick":788,"quark:oak_chest":2,"minecraft:iron_ingot":67,"minecraft:iron_pickaxe":1,"minecraft:wooden_axe":1,"minecraft:deepslate_tile_stairs":72,"minecraft:iron_shovel":1,"minecraft:iron_leggings":1,"minecraft:black_bed":1,"minecraft:white_bed":1,"minecraft:torch":36,"minecraft:deepslate_bricks":236,"quark:abacus":1,"minecraft:shears":3},"minecraft:dropped":{"minecraft:iron_ingot":3,"minecraft:wheat_seeds":5,"minecraft:dirt":1,"minecraft:wooden_axe":1,"minecraft:bone":1,"quark:pink_blossom_leaves":100,"minecraft:creeper_head":1,"minecraft:cobbled_deepslate":16,"minecraft:poppy":4,"minecraft:gunpowder":2,"minecraft:oak_sapling":2,"minecraft:spruce_slab":1,"minecraft:arrow":1,"minecraft:stone_pickaxe":2,"minecraft:wooden_pickaxe":1}},"DataVersion":3120}