{"stats":{"minecraft:custom":{"minecraft:time_since_rest":8672,"minecraft:crouch_one_cm":386,"minecraft:sprint_one_cm":7555,"minecraft:play_time":8672,"minecraft:damage_taken":30,"minecraft:walk_one_cm":10160,"minecraft:sneak_time":212,"minecraft:jump":60,"minecraft:leave_game":1,"minecraft:time_since_death":8672,"minecraft:total_world_time":8672,"minecraft:interact_with_crafting_table":2,"minecraft:fall_one_cm":2314,"minecraft:fly_one_cm":5213},"minecraft:crafted":{"minecraft:oak_planks":24,"minecraft:stick":4,"minecraft:wooden_pickaxe":1,"minecraft:wooden_axe":1},"minecraft:picked_up":{"minecraft:crafting_table":1,"minecraft:stick":1,"minecraft:oak_log":6,"minecraft:dirt":2},"minecraft:mined":{"minecraft:grass":1,"minecraft:grass_block":2,"minecraft:oak_log":6,"minecraft:oak_leaves":5,"minecraft:crafting_table":1},"minecraft:used":{"minecraft:wooden_axe":7,"alexsmobs:animal_dictionary":2}},"DataVersion":3120}