{"stats":{"minecraft:killed":{"minecraft:pig":4,"minecraft:spider":1,"minecraft:sheep":5,"minecraft:skeleton":1,"minecraft:zombie":5},"minecraft:custom":{"minecraft:interact_with_furnace":20,"minecraft:mob_kills":16,"minecraft:interact_with_crafting_table":14,"minecraft:leave_game":1,"minecraft:time_since_death":32672,"minecraft:sleep_in_bed":1,"minecraft:time_since_rest":4839,"minecraft:sprint_one_cm":80500,"minecraft:damage_taken":144,"minecraft:walk_one_cm":68697,"minecraft:damage_blocked_by_shield":560,"minecraft:drop":1,"minecraft:damage_dealt":2263,"minecraft:swim_one_cm":1704,"minecraft:fly_one_cm":108959,"minecraft:crouch_one_cm":5737,"minecraft:play_time":32672,"minecraft:sneak_time":2225,"minecraft:walk_under_water_one_cm":618,"minecraft:jump":635,"minecraft:walk_on_water_one_cm":1411,"minecraft:total_world_time":32672,"minecraft:fish_caught":3,"minecraft:fall_one_cm":13774},"minecraft:dropped":{"minecraft:stone_pickaxe":1},"minecraft:crafted":{"minecraft:oak_planks":28,"minecraft:fishing_rod":1,"minecraft:cooked_porkchop":8,"minecraft:wooden_pickaxe":1,"minecraft:iron_sword":1,"minecraft:furnace":1,"minecraft:air":0,"minecraft:iron_chestplate":1,"minecraft:iron_boots":1,"minecraft:shield":1,"minecraft:iron_axe":1,"minecraft:stick":16,"minecraft:iron_ingot":28,"minecraft:iron_pickaxe":1,"minecraft:stone_pickaxe":1,"minecraft:wooden_axe":1,"minecraft:iron_leggings":1,"minecraft:white_bed":1,"minecraft:torch":4},"minecraft:picked_up":{"minecraft:crafting_table":4,"minecraft:salmon":1,"minecraft:oak_log":18,"minecraft:dirt":3,"minecraft:string":2,"minecraft:pufferfish":1,"minecraft:bone":1,"minecraft:iron_ingot":2,"minecraft:stone_pickaxe":1,"minecraft:sugar_cane":21,"minecraft:oak_planks":4,"minecraft:furnace":2,"minecraft:raw_iron":72,"minecraft:stick":4,"minecraft:torch":1,"minecraft:gravel":3,"minecraft:porkchop":8,"minecraft:diorite":1,"minecraft:white_bed":1,"minecraft:arrow":1,"minecraft:rotten_flesh":4,"minecraft:gray_wool":1,"minecraft:oak_sapling":2,"minecraft:mutton":6,"minecraft:cod":1,"minecraft:coal":49,"minecraft:white_wool":4,"minecraft:cobblestone":43},"minecraft:mined":{"minecraft:white_bed":1,"minecraft:crafting_table":4,"minecraft:grass_block":2,"minecraft:cobblestone":6,"minecraft:sugar_cane":8,"minecraft:oak_planks":4,"minecraft:diorite":1,"minecraft:wall_torch":1,"minecraft:furnace":2,"minecraft:iron_ore":50,"minecraft:grass":3,"minecraft:coal_ore":23,"minecraft:oak_log":18,"minecraft:dirt":1,"minecraft:stone":22,"minecraft:oak_leaves":5},"minecraft:used":{"minecraft:stone_pickaxe":43,"minecraft:oak_planks":8,"minecraft:wooden_pickaxe":4,"minecraft:shield":9,"minecraft:iron_sword":31,"minecraft:torch":1,"minecraft:dirt":3,"minecraft:crafting_table":3,"minecraft:white_bed":1,"minecraft:wooden_axe":7,"minecraft:iron_axe":29,"minecraft:iron_pickaxe":58,"minecraft:fishing_rod":3,"minecraft:cobblestone":9,"minecraft:furnace":2,"minecraft:cooked_porkchop":4,"alexsmobs:animal_dictionary":3}},"DataVersion":3120}