{"stats":{"minecraft:killed":{"minecraft:zombie":1,"minecraft:pig":4},"minecraft:custom":{"minecraft:time_since_rest":20672,"minecraft:interact_with_furnace":13,"minecraft:sprint_one_cm":36518,"minecraft:damage_taken":88,"minecraft:walk_one_cm":45931,"minecraft:damage_blocked_by_shield":440,"minecraft:mob_kills":5,"minecraft:drop":1,"minecraft:damage_dealt":751,"minecraft:interact_with_crafting_table":10,"minecraft:fly_one_cm":25654,"minecraft:crouch_one_cm":3058,"minecraft:play_time":20672,"minecraft:sneak_time":1544,"minecraft:jump":252,"minecraft:leave_game":1,"minecraft:walk_on_water_one_cm":800,"minecraft:time_since_death":20672,"minecraft:total_world_time":20672,"minecraft:fall_one_cm":7829},"minecraft:dropped":{"minecraft:stone_pickaxe":1},"minecraft:crafted":{"minecraft:oak_planks":24,"minecraft:cooked_porkchop":4,"minecraft:iron_boots":1,"minecraft:iron_chestplate":1,"minecraft:shield":1,"minecraft:iron_axe":1,"minecraft:stick":16,"minecraft:iron_pickaxe":1,"minecraft:iron_ingot":21,"minecraft:wooden_pickaxe":1,"minecraft:stone_pickaxe":1,"minecraft:wooden_axe":1,"minecraft:iron_sword":1,"minecraft:furnace":1,"minecraft:torch":4,"minecraft:air":0},"minecraft:picked_up":{"minecraft:stick":1,"minecraft:crafting_table":2,"minecraft:raw_iron":38,"minecraft:torch":1,"minecraft:porkchop":8,"minecraft:oak_log":6,"minecraft:diorite":1,"minecraft:dirt":3,"minecraft:rotten_flesh":1,"minecraft:stone_pickaxe":1,"minecraft:oak_planks":4,"minecraft:coal":24,"minecraft:cobblestone":25,"minecraft:furnace":1},"minecraft:mined":{"minecraft:furnace":1,"minecraft:iron_ore":38,"minecraft:crafting_table":2,"minecraft:grass":2,"minecraft:oak_log":6,"minecraft:grass_block":2,"minecraft:coal_ore":14,"minecraft:dirt":1,"minecraft:stone":16,"minecraft:oak_planks":4,"minecraft:diorite":1,"minecraft:oak_leaves":5,"minecraft:wall_torch":1},"minecraft:used":{"minecraft:wooden_axe":7,"minecraft:iron_axe":10,"minecraft:stone_pickaxe":43,"minecraft:iron_pickaxe":24,"minecraft:oak_planks":8,"minecraft:shield":5,"minecraft:wooden_pickaxe":4,"minecraft:iron_sword":5,"minecraft:torch":1,"minecraft:dirt":3,"minecraft:cobblestone":2,"minecraft:crafting_table":1,"minecraft:furnace":2,"minecraft:cooked_porkchop":2,"alexsmobs:animal_dictionary":3}},"DataVersion":3120}