{"stats":{"minecraft:killed_by":{"minecraft:player":2},"minecraft:picked_up":{"minecraft:wooden_axe":1,"minecraft:crafting_table":4,"minecraft:feather":4,"minecraft:birch_slab":2,"minecraft:leather":4,"minecraft:wooden_pickaxe":2,"minecraft:birch_planks":40,"minecraft:oak_log":29,"minecraft:dirt":24,"minecraft:wooden_sword":1,"minecraft:apple":3,"minecraft:wheat_seeds":3,"minecraft:beef":2,"minecraft:stone_pickaxe":1,"minecraft:cooked_chicken":2,"minecraft:birch_sapling":1,"minecraft:oak_planks":3,"minecraft:furnace":2,"minecraft:egg":1,"minecraft:stick":1,"minecraft:raw_iron":8,"minecraft:sweet_berries":60,"minecraft:torch":1,"minecraft:white_bed":3,"alexsmobs:animal_dictionary":3,"minecraft:rotten_flesh":1,"minecraft:stone_axe":1,"minecraft:oak_sapling":2,"minecraft:oak_leaves":1,"minecraft:mutton":2,"minecraft:coal":111,"minecraft:white_wool":3,"minecraft:cobblestone":96},"minecraft:killed":{"minecraft:sheep":1,"minecraft:zombie":2,"minecraft:cow":1},"minecraft:dropped":{"minecraft:wheat_seeds":3,"minecraft:dirt":2},"minecraft:broken":{"minecraft:stone_pickaxe":1},"minecraft:used":{"minecraft:birch_planks":23,"minecraft:stone_pickaxe":118,"minecraft:oak_planks":86,"minecraft:wooden_pickaxe":15,"minecraft:birch_boat":1,"minecraft:cooked_chicken":2,"minecraft:torch":20,"minecraft:dirt":12,"minecraft:crafting_table":7,"minecraft:white_bed":4,"minecraft:iron_axe":4,"minecraft:bread":3,"minecraft:iron_pickaxe":5,"minecraft:stone_axe":8,"minecraft:wooden_sword":20,"minecraft:cobblestone":68,"minecraft:sweet_berries":49,"minecraft:furnace":1,"alexsmobs:animal_dictionary":1,"minecraft:egg":1},"minecraft:mined":{"minecraft:white_bed":3,"minecraft:crafting_table":3,"minecraft:grass_block":5,"minecraft:birch_slab":2,"minecraft:spruce_leaves":3,"minecraft:oak_planks":2,"minecraft:wall_torch":1,"minecraft:large_fern":2,"minecraft:birch_planks":1,"minecraft:furnace":1,"minecraft:iron_ore":5,"minecraft:sweet_berry_bush":24,"minecraft:grass":8,"minecraft:coal_ore":88,"minecraft:oak_log":5,"minecraft:dirt":9,"minecraft:packed_ice":9,"minecraft:stone":33,"minecraft:oak_leaves":1,"minecraft:fern":9},"minecraft:custom":{"minecraft:interact_with_furnace":10,"minecraft:mob_kills":4,"minecraft:interact_with_crafting_table":10,"minecraft:leave_game":2,"minecraft:time_since_death":25582,"minecraft:sleep_in_bed":1,"minecraft:time_since_rest":13650,"minecraft:sprint_one_cm":101262,"minecraft:damage_taken":1071,"minecraft:walk_one_cm":28601,"minecraft:drop":5,"minecraft:damage_dealt":1002,"minecraft:swim_one_cm":7001,"minecraft:fly_one_cm":200105,"minecraft:player_kills":1,"minecraft:open_chest":2,"minecraft:crouch_one_cm":13912,"minecraft:play_time":31063,"minecraft:deaths":2,"minecraft:sneak_time":4840,"minecraft:walk_under_water_one_cm":2764,"minecraft:boat_one_cm":43265,"minecraft:jump":1085,"minecraft:walk_on_water_one_cm":6150,"minecraft:total_world_time":31063,"minecraft:fall_one_cm":34380},"minecraft:crafted":{"minecraft:wooden_sword":2,"minecraft:oak_planks":116,"minecraft:crafting_table":4,"minecraft:wooden_pickaxe":1,"minecraft:birch_boat":1,"minecraft:bread":6,"minecraft:air":0,"minecraft:shield":1,"minecraft:iron_axe":1,"minecraft:stick":16,"minecraft:iron_pickaxe":1,"minecraft:iron_ingot":8,"minecraft:stone_pickaxe":1,"minecraft:white_bed":1,"minecraft:torch":24}},"DataVersion":3120}