{"stats":{"minecraft:killed_by":{"minecraft:player":2},"minecraft:picked_up":{"minecraft:wooden_axe":1,"minecraft:crafting_table":1,"minecraft:stick":1,"minecraft:raw_iron":4,"minecraft:feather":4,"minecraft:sweet_berries":27,"minecraft:leather":4,"minecraft:wooden_pickaxe":2,"minecraft:birch_planks":40,"minecraft:oak_log":29,"alexsmobs:animal_dictionary":3,"minecraft:dirt":22,"minecraft:wooden_sword":1,"minecraft:rotten_flesh":1,"minecraft:apple":3,"minecraft:stone_axe":1,"minecraft:beef":2,"minecraft:stone_pickaxe":1,"minecraft:cooked_chicken":2,"minecraft:oak_sapling":2,"minecraft:egg":1,"minecraft:mutton":2,"minecraft:birch_sapling":1,"minecraft:oak_planks":1,"minecraft:coal":21,"minecraft:oak_leaves":1,"minecraft:white_wool":3,"minecraft:cobblestone":80,"minecraft:furnace":1},"minecraft:killed":{"minecraft:sheep":1,"minecraft:cow":1},"minecraft:used":{"minecraft:birch_planks":8,"minecraft:stone_pickaxe":26,"minecraft:wooden_pickaxe":13,"minecraft:cooked_chicken":2,"minecraft:torch":3,"minecraft:wooden_sword":15,"minecraft:dirt":12,"minecraft:cobblestone":3,"minecraft:sweet_berries":4,"minecraft:crafting_table":2,"alexsmobs:animal_dictionary":1,"minecraft:egg":1},"minecraft:mined":{"minecraft:birch_planks":1,"minecraft:iron_ore":1,"minecraft:sweet_berry_bush":11,"minecraft:grass":4,"minecraft:grass_block":3,"minecraft:oak_log":5,"minecraft:coal_ore":20,"minecraft:dirt":9,"minecraft:spruce_leaves":1,"minecraft:stone":17,"minecraft:oak_leaves":1},"minecraft:custom":{"minecraft:time_since_rest":6750,"minecraft:sprint_one_cm":55714,"minecraft:damage_taken":761,"minecraft:walk_one_cm":12076,"minecraft:mob_kills":2,"minecraft:damage_dealt":611,"minecraft:swim_one_cm":2988,"minecraft:interact_with_crafting_table":2,"minecraft:fly_one_cm":72732,"minecraft:player_kills":1,"minecraft:crouch_one_cm":4647,"minecraft:play_time":12206,"minecraft:deaths":2,"minecraft:walk_under_water_one_cm":155,"minecraft:sneak_time":1918,"minecraft:jump":477,"minecraft:leave_game":1,"minecraft:time_since_death":6725,"minecraft:walk_on_water_one_cm":622,"minecraft:total_world_time":12206,"minecraft:fall_one_cm":16410},"minecraft:crafted":{"minecraft:wooden_sword":2,"minecraft:oak_planks":20,"minecraft:crafting_table":2,"minecraft:stick":8,"minecraft:wooden_pickaxe":1,"minecraft:torch":4}},"DataVersion":3120}