{"stats":{"minecraft:killed_by":{"minecraft:player":2},"minecraft:picked_up":{"minecraft:wooden_axe":1,"minecraft:crafting_table":2,"minecraft:feather":4,"minecraft:birch_slab":2,"minecraft:leather":4,"minecraft:wooden_pickaxe":2,"minecraft:birch_planks":40,"minecraft:oak_log":29,"minecraft:dirt":24,"minecraft:wooden_sword":1,"minecraft:apple":3,"minecraft:wheat_seeds":3,"minecraft:beef":2,"minecraft:stone_pickaxe":1,"minecraft:cooked_chicken":2,"minecraft:birch_sapling":1,"minecraft:oak_planks":3,"minecraft:furnace":1,"minecraft:egg":1,"minecraft:stick":1,"minecraft:raw_iron":8,"minecraft:sweet_berries":60,"minecraft:torch":1,"minecraft:white_bed":3,"alexsmobs:animal_dictionary":3,"minecraft:rotten_flesh":1,"minecraft:stone_axe":1,"minecraft:oak_sapling":2,"minecraft:oak_leaves":1,"minecraft:mutton":2,"minecraft:coal":78,"minecraft:white_wool":3,"minecraft:cobblestone":90},"minecraft:killed":{"minecraft:sheep":1,"minecraft:cow":1},"minecraft:dropped":{"minecraft:wheat_seeds":3,"minecraft:dirt":2},"minecraft:broken":{"minecraft:stone_pickaxe":1},"minecraft:used":{"minecraft:birch_planks":23,"minecraft:stone_pickaxe":105,"minecraft:oak_planks":61,"minecraft:wooden_pickaxe":15,"minecraft:birch_boat":1,"minecraft:cooked_chicken":2,"minecraft:torch":13,"minecraft:dirt":12,"minecraft:crafting_table":5,"minecraft:white_bed":3,"minecraft:stone_axe":7,"minecraft:wooden_sword":16,"minecraft:cobblestone":68,"minecraft:sweet_berries":43,"alexsmobs:animal_dictionary":1,"minecraft:egg":1},"minecraft:mined":{"minecraft:white_bed":3,"minecraft:crafting_table":1,"minecraft:grass_block":5,"minecraft:birch_slab":2,"minecraft:spruce_leaves":3,"minecraft:oak_planks":2,"minecraft:wall_torch":1,"minecraft:large_fern":2,"minecraft:birch_planks":1,"minecraft:iron_ore":5,"minecraft:sweet_berry_bush":24,"minecraft:grass":8,"minecraft:coal_ore":77,"minecraft:oak_log":5,"minecraft:dirt":9,"minecraft:packed_ice":9,"minecraft:stone":27,"minecraft:oak_leaves":1,"minecraft:fern":9},"minecraft:custom":{"minecraft:mob_kills":2,"minecraft:interact_with_crafting_table":6,"minecraft:leave_game":1,"minecraft:time_since_death":18725,"minecraft:sleep_in_bed":1,"minecraft:time_since_rest":6793,"minecraft:sprint_one_cm":90904,"minecraft:damage_taken":961,"minecraft:walk_one_cm":24633,"minecraft:drop":5,"minecraft:damage_dealt":611,"minecraft:swim_one_cm":7001,"minecraft:fly_one_cm":182078,"minecraft:player_kills":1,"minecraft:open_chest":2,"minecraft:crouch_one_cm":11607,"minecraft:play_time":24206,"minecraft:deaths":2,"minecraft:sneak_time":4147,"minecraft:walk_under_water_one_cm":2764,"minecraft:boat_one_cm":43265,"minecraft:jump":934,"minecraft:walk_on_water_one_cm":3965,"minecraft:total_world_time":24206,"minecraft:fall_one_cm":29545},"minecraft:crafted":{"minecraft:wooden_sword":2,"minecraft:oak_planks":116,"minecraft:crafting_table":4,"minecraft:wooden_pickaxe":1,"minecraft:birch_boat":1,"minecraft:stick":12,"minecraft:stone_pickaxe":1,"minecraft:white_bed":1,"minecraft:torch":24}},"DataVersion":3120}