{"stats":{"minecraft:dropped":{"minecraft:oak_sapling":1},"minecraft:custom":{"minecraft:jump":135,"minecraft:time_since_rest":6908,"minecraft:damage_taken":20,"minecraft:leave_game":2,"minecraft:play_time":6908,"minecraft:sprint_one_cm":14431,"minecraft:time_since_death":6908,"minecraft:walk_one_cm":5452,"minecraft:total_world_time":6908,"minecraft:fall_one_cm":6420,"minecraft:drop":1,"minecraft:fly_one_cm":43260},"minecraft:picked_up":{"minecraft:oak_log":1,"minecraft:oak_sapling":1,"minecraft:dirt":4},"minecraft:used":{"minecraft:oak_log":1,"alexsmobs:animal_dictionary":1,"minecraft:dirt":4},"minecraft:mined":{"minecraft:grass_block":4,"minecraft:oak_log":1,"minecraft:oak_leaves":19}},"DataVersion":3120}