{"stats":{"minecraft:mined":{"minecraft:grass_block":4,"minecraft:oak_log":1,"minecraft:oak_leaves":18},"minecraft:used":{"minecraft:oak_log":1,"minecraft:dirt":4},"minecraft:picked_up":{"minecraft:oak_log":1,"minecraft:oak_sapling":1,"minecraft:dirt":4},"minecraft:dropped":{"minecraft:oak_sapling":1},"minecraft:custom":{"minecraft:jump":121,"minecraft:time_since_rest":3948,"minecraft:leave_game":1,"minecraft:damage_taken":20,"minecraft:sprint_one_cm":13298,"minecraft:play_time":3948,"minecraft:time_since_death":3948,"minecraft:walk_one_cm":4382,"minecraft:total_world_time":3948,"minecraft:drop":1,"minecraft:fall_one_cm":6420,"minecraft:fly_one_cm":23055}},"DataVersion":3120}