{"stats":{"minecraft:killed_by":{"minecraft:player":1},"minecraft:picked_up":{"minecraft:birch_log":36,"minecraft:crafting_table":8,"minecraft:feather":4,"minecraft:chicken":3,"minecraft:glow_ink_sac":4,"minecraft:andesite":3,"minecraft:leather":2,"minecraft:wooden_pickaxe":1,"minecraft:birch_planks":26,"minecraft:oak_log":29,"minecraft:gunpowder":1,"minecraft:lapis_lazuli":4,"minecraft:dirt":15,"minecraft:wooden_sword":1,"minecraft:apple":3,"minecraft:beef":2,"minecraft:poppy":1,"minecraft:birch_sapling":1,"minecraft:egg":1,"minecraft:furnace":4,"minecraft:stick":2,"minecraft:raw_iron":27,"minecraft:torch":3,"minecraft:porkchop":5,"alexsmobs:animal_dictionary":1,"minecraft:rotten_flesh":2,"minecraft:oak_sapling":2,"minecraft:mutton":3,"minecraft:coal":39,"minecraft:white_wool":2,"minecraft:cobblestone":111},"minecraft:killed":{"minecraft:pig":2,"minecraft:creeper":1,"minecraft:sheep":2,"minecraft:zombie":3,"minecraft:chicken":3,"minecraft:cow":1},"minecraft:used":{"minecraft:cooked_mutton":3,"minecraft:birch_planks":89,"minecraft:stone_pickaxe":118,"minecraft:oak_planks":5,"minecraft:wooden_pickaxe":7,"minecraft:cooked_chicken":1,"minecraft:rotten_flesh":1,"minecraft:torch":18,"minecraft:dirt":4,"minecraft:crafting_table":9,"minecraft:wooden_axe":36,"minecraft:iron_axe":1,"minecraft:iron_pickaxe":43,"minecraft:stone_axe":80,"minecraft:cobblestone":9,"minecraft:furnace":4,"minecraft:cooked_porkchop":4,"minecraft:cooked_beef":2},"minecraft:mined":{"minecraft:crafting_table":9,"minecraft:torch":1,"minecraft:grass_block":1,"minecraft:poppy":1,"minecraft:cobblestone":1,"minecraft:lapis_ore":1,"minecraft:wall_torch":2,"minecraft:birch_planks":24,"minecraft:furnace":4,"minecraft:birch_log":37,"minecraft:iron_ore":27,"minecraft:andesite":3,"minecraft:birch_leaves":3,"minecraft:grass":1,"minecraft:oak_log":29,"minecraft:coal_ore":27,"minecraft:dirt":5,"minecraft:stone":104,"minecraft:oak_leaves":9},"minecraft:custom":{"minecraft:interact_with_furnace":35,"minecraft:mob_kills":12,"minecraft:interact_with_crafting_table":13,"minecraft:leave_game":1,"minecraft:time_since_death":18057,"minecraft:time_since_rest":18090,"minecraft:sprint_one_cm":74001,"minecraft:damage_taken":945,"minecraft:walk_one_cm":69111,"minecraft:damage_dealt":1570,"minecraft:fly_one_cm":75449,"minecraft:player_kills":2,"minecraft:crouch_one_cm":40805,"minecraft:play_time":54964,"minecraft:deaths":1,"minecraft:sneak_time":12227,"minecraft:jump":846,"minecraft:walk_on_water_one_cm":2790,"minecraft:total_world_time":54964,"minecraft:fall_one_cm":41657},"minecraft:crafted":{"minecraft:cooked_beef":0,"minecraft:oak_planks":16,"minecraft:cooked_porkchop":3,"minecraft:crafting_table":3,"minecraft:iron_helmet":1,"minecraft:wooden_pickaxe":2,"minecraft:cooked_chicken":3,"minecraft:furnace":2,"minecraft:birch_planks":144,"minecraft:stone_axe":2,"minecraft:cooked_mutton":3,"minecraft:air":0,"minecraft:iron_boots":1,"minecraft:iron_chestplate":1,"minecraft:charcoal":1,"minecraft:iron_axe":1,"minecraft:stick":24,"minecraft:iron_pickaxe":1,"minecraft:iron_ingot":24,"minecraft:stone_pickaxe":2,"minecraft:wooden_axe":2,"minecraft:torch":16}},"DataVersion":3120}