{"stats":{"minecraft:killed_by":{"minecraft:player":1},"minecraft:picked_up":{"minecraft:birch_log":36,"minecraft:crafting_table":6,"minecraft:feather":4,"minecraft:chicken":3,"minecraft:leather":2,"minecraft:wooden_pickaxe":1,"minecraft:birch_planks":21,"minecraft:oak_log":29,"minecraft:dirt":15,"minecraft:wooden_sword":1,"minecraft:apple":3,"minecraft:beef":2,"minecraft:poppy":1,"minecraft:birch_sapling":1,"minecraft:egg":1,"minecraft:furnace":2,"minecraft:stick":2,"minecraft:raw_iron":3,"minecraft:torch":3,"minecraft:porkchop":5,"alexsmobs:animal_dictionary":1,"minecraft:rotten_flesh":2,"minecraft:oak_sapling":2,"minecraft:mutton":3,"minecraft:coal":4,"minecraft:white_wool":2,"minecraft:cobblestone":93},"minecraft:killed":{"minecraft:pig":2,"minecraft:sheep":2,"minecraft:zombie":3,"minecraft:chicken":3,"minecraft:cow":1},"minecraft:used":{"minecraft:cooked_mutton":3,"minecraft:birch_planks":76,"minecraft:stone_pickaxe":89,"minecraft:oak_planks":5,"minecraft:wooden_pickaxe":7,"minecraft:cooked_chicken":1,"minecraft:rotten_flesh":1,"minecraft:torch":8,"minecraft:dirt":4,"minecraft:crafting_table":7,"minecraft:wooden_axe":36,"minecraft:stone_axe":71,"minecraft:furnace":3,"minecraft:cooked_porkchop":1,"minecraft:cooked_beef":2},"minecraft:mined":{"minecraft:crafting_table":6,"minecraft:torch":1,"minecraft:grass_block":1,"minecraft:poppy":1,"minecraft:cobblestone":1,"minecraft:wall_torch":2,"minecraft:birch_planks":19,"minecraft:furnace":2,"minecraft:birch_log":37,"minecraft:iron_ore":3,"minecraft:birch_leaves":3,"minecraft:grass":1,"minecraft:oak_log":29,"minecraft:coal_ore":4,"minecraft:dirt":5,"minecraft:stone":85,"minecraft:oak_leaves":9},"minecraft:custom":{"minecraft:interact_with_furnace":12,"minecraft:mob_kills":11,"minecraft:interact_with_crafting_table":9,"minecraft:leave_game":1,"minecraft:time_since_death":6057,"minecraft:time_since_rest":6090,"minecraft:sprint_one_cm":45386,"minecraft:damage_taken":765,"minecraft:walk_one_cm":51183,"minecraft:damage_dealt":1370,"minecraft:fly_one_cm":57239,"minecraft:player_kills":2,"minecraft:crouch_one_cm":39009,"minecraft:play_time":42964,"minecraft:deaths":1,"minecraft:sneak_time":11865,"minecraft:jump":665,"minecraft:walk_on_water_one_cm":82,"minecraft:total_world_time":42964,"minecraft:fall_one_cm":36486},"minecraft:crafted":{"minecraft:cooked_beef":0,"minecraft:oak_planks":16,"minecraft:cooked_porkchop":2,"minecraft:crafting_table":2,"minecraft:wooden_pickaxe":2,"minecraft:cooked_chicken":3,"minecraft:furnace":2,"minecraft:birch_planks":144,"minecraft:stone_axe":2,"minecraft:cooked_mutton":3,"minecraft:air":0,"minecraft:charcoal":1,"minecraft:stick":20,"minecraft:stone_pickaxe":2,"minecraft:wooden_axe":2,"minecraft:torch":8}},"DataVersion":3120}