{"stats":{"minecraft:mined":{"minecraft:scaffolding":1,"minecraft:smoker":1,"minecraft:crafting_table":11,"minecraft:torch":2,"minecraft:grass_block":1,"minecraft:poppy":1,"minecraft:chest":1,"minecraft:cobblestone":6,"minecraft:lapis_ore":1,"minecraft:sugar_cane":3,"minecraft:wall_torch":2,"minecraft:birch_planks":25,"minecraft:furnace":4,"quark:pink_blossom_leaves":2,"minecraft:birch_log":50,"minecraft:iron_ore":45,"minecraft:birch_leaves":4,"minecraft:andesite":3,"minecraft:grass":11,"minecraft:oak_log":34,"minecraft:coal_ore":51,"minecraft:water_cauldron":1,"minecraft:dirt":5,"minecraft:stone":127,"minecraft:oak_leaves":14},"minecraft:picked_up":{"minecraft:birch_log":49,"minecraft:crafting_table":10,"minecraft:black_carpet":1,"minecraft:feather":4,"minecraft:chicken":3,"minecraft:glow_ink_sac":4,"minecraft:andesite":3,"minecraft:leather":3,"minecraft:wooden_pickaxe":1,"minecraft:smoker":1,"minecraft:birch_planks":27,"minecraft:oak_log":34,"minecraft:gunpowder":1,"minecraft:dirt":16,"minecraft:lapis_lazuli":4,"minecraft:wooden_sword":1,"minecraft:bone":2,"minecraft:apple":3,"minecraft:wheat_seeds":1,"minecraft:beef":5,"minecraft:poppy":1,"minecraft:sugar_cane":4,"minecraft:chest":1,"minecraft:birch_sapling":1,"minecraft:furnace":4,"minecraft:egg":1,"minecraft:scaffolding":1,"minecraft:stick":4,"minecraft:raw_iron":45,"minecraft:birch_boat":2,"minecraft:torch":5,"minecraft:porkchop":9,"alexsmobs:animal_dictionary":1,"minecraft:cauldron":1,"minecraft:arrow":2,"minecraft:rotten_flesh":8,"minecraft:oak_sapling":6,"minecraft:mutton":3,"minecraft:coal":62,"minecraft:white_wool":2,"minecraft:cobblestone":136},"minecraft:killed_by":{"minecraft:player":1},"minecraft:killed":{"minecraft:pig":5,"minecraft:creeper":2,"minecraft:horse":4,"minecraft:skeleton":3,"minecraft:sheep":2,"minecraft:zombie":17,"minecraft:chicken":3,"minecraft:cow":2},"minecraft:used":{"minecraft:cooked_mutton":3,"minecraft:birch_planks":113,"minecraft:stone_pickaxe":118,"minecraft:oak_planks":5,"minecraft:wooden_pickaxe":7,"minecraft:birch_boat":2,"minecraft:shield":8,"minecraft:cooked_chicken":1,"minecraft:rotten_flesh":7,"minecraft:torch":28,"minecraft:dirt":4,"minecraft:crafting_table":10,"minecraft:smoker":1,"minecraft:wooden_axe":36,"minecraft:apple":14,"minecraft:bread":6,"minecraft:iron_axe":84,"minecraft:iron_pickaxe":117,"minecraft:stone_axe":80,"minecraft:cobblestone":44,"minecraft:furnace":4,"minecraft:cooked_porkchop":5,"minecraft:cooked_beef":3},"minecraft:custom":{"minecraft:interact_with_furnace":39,"minecraft:mob_kills":39,"minecraft:interact_with_crafting_table":17,"minecraft:leave_game":3,"minecraft:time_since_death":56414,"minecraft:sleep_in_bed":1,"minecraft:climb_one_cm":424,"minecraft:time_since_rest":2552,"minecraft:sprint_one_cm":219762,"minecraft:damage_taken":1549,"minecraft:walk_one_cm":145538,"minecraft:damage_blocked_by_shield":310,"minecraft:drop":9,"minecraft:damage_dealt":6387,"minecraft:player_kills":2,"minecraft:swim_one_cm":6828,"minecraft:fly_one_cm":333046,"minecraft:open_chest":4,"minecraft:crouch_one_cm":50145,"minecraft:play_time":93321,"minecraft:deaths":1,"minecraft:sneak_time":14248,"minecraft:walk_under_water_one_cm":625,"minecraft:boat_one_cm":17917,"minecraft:jump":2278,"minecraft:walk_on_water_one_cm":4251,"minecraft:total_world_time":93321,"minecraft:interact_with_smoker":2,"minecraft:fall_one_cm":87579},"minecraft:dropped":{"minecraft:iron_sword":1,"minecraft:raw_iron":11,"minecraft:iron_helmet":1,"minecraft:iron_boots":1,"minecraft:coal":18,"minecraft:iron_chestplate":1,"minecraft:iron_leggings":1,"minecraft:iron_axe":1,"minecraft:iron_pickaxe":1},"minecraft:crafted":{"minecraft:cooked_beef":0,"minecraft:oak_planks":36,"minecraft:cooked_porkchop":3,"minecraft:crafting_table":3,"minecraft:birch_boat":1,"minecraft:wooden_pickaxe":2,"minecraft:iron_helmet":1,"minecraft:cooked_chicken":3,"minecraft:furnace":2,"minecraft:birch_planks":196,"minecraft:stone_axe":2,"minecraft:cooked_mutton":3,"minecraft:air":0,"minecraft:iron_boots":1,"minecraft:iron_chestplate":1,"minecraft:charcoal":1,"minecraft:shield":1,"minecraft:iron_axe":1,"minecraft:stick":24,"minecraft:iron_ingot":24,"minecraft:iron_pickaxe":1,"minecraft:stone_pickaxe":2,"minecraft:wooden_axe":2,"minecraft:torch":28}},"DataVersion":3120}