{"stats":{"minecraft:mined":{"minecraft:infested_deepslate":1,"minecraft:tuff":5,"minecraft:deepslate_diamond_ore":7,"minecraft:cobblestone_stairs":10,"minecraft:granite":10,"minecraft:grass_block":65,"minecraft:tall_seagrass":1,"minecraft:furnace":4,"quark:pink_blossom_leaves":3,"minecraft:iron_ore":66,"minecraft:andesite":21,"minecraft:pumpkin":5,"minecraft:potatoes":3,"minecraft:deepslate_iron_ore":4,"minecraft:water_cauldron":1,"minecraft:stone":509,"minecraft:podzol":1,"minecraft:scaffolding":1,"minecraft:smoker":1,"minecraft:dandelion":7,"minecraft:torch":5,"minecraft:crafting_table":12,"minecraft:poppy":1,"minecraft:chest":5,"quark:blossom_log":1,"minecraft:tall_grass":15,"minecraft:cobblestone":9,"minecraft:deepslate_gold_ore":4,"minecraft:lapis_ore":1,"minecraft:sugar_cane":10,"minecraft:oak_planks":1,"minecraft:diorite":34,"minecraft:wall_torch":9,"minecraft:seagrass":1,"minecraft:birch_planks":25,"minecraft:birch_log":55,"minecraft:birch_leaves":4,"minecraft:grass":21,"minecraft:coal_ore":87,"minecraft:oak_log":73,"minecraft:gravel":42,"minecraft:dirt":53,"minecraft:deepslate":80,"minecraft:oak_leaves":14},"minecraft:picked_up":{"minecraft:crafting_table":11,"minecraft:black_carpet":1,"minecraft:wheat":3,"minecraft:chicken":6,"minecraft:wooden_pickaxe":1,"minecraft:string":8,"minecraft:wooden_sword":1,"minecraft:experience_bottle":1,"quark:pink_blossom_leaves":60,"minecraft:cobbled_deepslate":79,"minecraft:beef":5,"minecraft:poppy":1,"minecraft:sugar_cane":11,"minecraft:chest":5,"minecraft:birch_sapling":1,"minecraft:egg":3,"minecraft:furnace":4,"minecraft:raw_iron":70,"minecraft:stick":4,"minecraft:torch":19,"quark:blossom_log":4,"minecraft:porkchop":18,"quark:pink_blossom_sapling":1,"minecraft:music_disc_11":1,"minecraft:diorite":34,"minecraft:carrot":9,"minecraft:cauldron":1,"minecraft:goat_horn":1,"minecraft:arrow":2,"minecraft:rotten_flesh":8,"minecraft:mutton":9,"minecraft:white_wool":4,"minecraft:cobblestone":519,"minecraft:birch_log":54,"minecraft:feather":7,"minecraft:glow_ink_sac":4,"minecraft:tripwire_hook":2,"minecraft:andesite":21,"minecraft:leather":5,"minecraft:smoker":1,"minecraft:potato":23,"minecraft:birch_planks":28,"minecraft:flint":3,"minecraft:tuff":5,"minecraft:oak_log":73,"minecraft:gunpowder":1,"minecraft:cobblestone_stairs":9,"minecraft:lapis_lazuli":4,"minecraft:dirt":134,"minecraft:paper":10,"minecraft:bone":2,"minecraft:apple":3,"minecraft:wheat_seeds":3,"minecraft:raw_gold":4,"minecraft:iron_ingot":3,"minecraft:bamboo":2,"minecraft:moss_block":8,"minecraft:oak_planks":1,"minecraft:book":5,"minecraft:scaffolding":1,"minecraft:pumpkin":4,"minecraft:birch_boat":2,"minecraft:dandelion":13,"minecraft:gravel":64,"alexsmobs:animal_dictionary":1,"minecraft:dark_oak_log":9,"minecraft:diamond":7,"minecraft:granite":10,"alexsmobs:maggot":1,"minecraft:oak_sapling":6,"minecraft:coal":98},"minecraft:killed_by":{"minecraft:player":1},"minecraft:killed":{"minecraft:horse":5,"minecraft:skeleton":3,"minecraft:chicken":6,"minecraft:pig":10,"minecraft:creeper":2,"minecraft:sheep":4,"minecraft:zombie":17,"alexsmobs:fly":1,"endofherobrine:sheep":10,"minecraft:cow":2},"minecraft:used":{"minecraft:stone_sword":45,"quark:pink_blossom_leaves":7,"minecraft:stone_shovel":79,"minecraft:shield":8,"minecraft:cooked_chicken":1,"minecraft:rotten_flesh":8,"minecraft:torch":72,"minecraft:dirt":4,"minecraft:mutton":3,"minecraft:carrot":8,"minecraft:wooden_axe":36,"minecraft:iron_axe":145,"minecraft:furnace":6,"minecraft:potato":22,"minecraft:cooked_beef":5,"minecraft:wheat_seeds":2,"minecraft:cooked_mutton":7,"minecraft:water_bucket":18,"minecraft:cobblestone_stairs":114,"minecraft:birch_planks":130,"minecraft:stone_pickaxe":570,"minecraft:oak_planks":5,"minecraft:birch_boat":2,"minecraft:wooden_pickaxe":7,"minecraft:sugar_cane":26,"minecraft:crafting_table":12,"minecraft:smoker":1,"minecraft:wooden_hoe":31,"minecraft:apple":14,"minecraft:bread":7,"minecraft:iron_pickaxe":293,"minecraft:stone_axe":80,"minecraft:cobblestone":78,"minecraft:cooked_porkchop":7,"minecraft:bucket":19,"minecraft:bone_meal":6},"minecraft:custom":{"minecraft:mob_kills":61,"minecraft:interact_with_crafting_table":30,"minecraft:leave_game":3,"minecraft:time_since_death":116414,"minecraft:climb_one_cm":848,"minecraft:sprint_one_cm":323358,"minecraft:walk_one_cm":250044,"minecraft:damage_blocked_by_shield":310,"minecraft:drop":10,"minecraft:play_time":153321,"minecraft:deaths":1,"minecraft:sneak_time":19589,"minecraft:walk_under_water_one_cm":4407,"minecraft:boat_one_cm":17917,"minecraft:jump":3487,"minecraft:walk_on_water_one_cm":9137,"minecraft:total_world_time":153321,"minecraft:interact_with_furnace":55,"minecraft:sleep_in_bed":1,"minecraft:time_since_rest":62552,"minecraft:damage_taken":1987,"minecraft:damage_dealt":8324,"minecraft:swim_one_cm":40918,"minecraft:fly_one_cm":570694,"minecraft:player_kills":2,"minecraft:open_chest":41,"minecraft:crouch_one_cm":60172,"minecraft:interact_with_smoker":2,"minecraft:fall_one_cm":110865},"minecraft:broken":{"minecraft:stone_pickaxe":3,"minecraft:iron_pickaxe":1},"minecraft:crafted":{"minecraft:oak_planks":36,"minecraft:stone_shovel":1,"minecraft:birch_boat":1,"minecraft:cooked_chicken":6,"minecraft:furnace":3,"minecraft:cobblestone_stairs":124,"minecraft:bone_meal":6,"minecraft:cooked_mutton":8,"minecraft:iron_boots":1,"minecraft:iron_axe":1,"minecraft:stone_pickaxe":10,"minecraft:cooked_beef":0,"minecraft:cooked_porkchop":5,"minecraft:crafting_table":3,"minecraft:wooden_pickaxe":2,"minecraft:iron_helmet":1,"minecraft:bucket":1,"minecraft:birch_planks":196,"minecraft:stone_axe":2,"minecraft:bread":1,"minecraft:air":0,"minecraft:iron_chestplate":1,"minecraft:wooden_hoe":1,"minecraft:charcoal":1,"minecraft:shield":1,"minecraft:stick":29,"minecraft:iron_ingot":24,"minecraft:iron_pickaxe":2,"minecraft:wooden_axe":2,"minecraft:stone_sword":1,"minecraft:torch":84},"minecraft:dropped":{"minecraft:iron_sword":1,"minecraft:birch_planks":1,"minecraft:iron_helmet":1,"minecraft:coal":18,"minecraft:iron_leggings":1,"minecraft:iron_axe":1,"minecraft:iron_pickaxe":1,"minecraft:raw_iron":11,"minecraft:iron_boots":1,"minecraft:iron_chestplate":1}},"DataVersion":3120}