{"stats":{"minecraft:mined":{"minecraft:grass_block":65,"minecraft:tall_seagrass":1,"minecraft:furnace":4,"quark:pink_blossom_leaves":3,"minecraft:iron_ore":45,"minecraft:andesite":3,"minecraft:pumpkin":5,"minecraft:water_cauldron":1,"minecraft:stone":264,"minecraft:podzol":1,"minecraft:scaffolding":1,"minecraft:smoker":1,"minecraft:dandelion":7,"minecraft:torch":3,"minecraft:crafting_table":12,"minecraft:poppy":1,"minecraft:chest":5,"quark:blossom_log":1,"minecraft:tall_grass":15,"minecraft:cobblestone":7,"minecraft:lapis_ore":1,"minecraft:sugar_cane":10,"minecraft:oak_planks":1,"minecraft:wall_torch":3,"minecraft:seagrass":1,"minecraft:birch_planks":25,"minecraft:birch_log":55,"minecraft:birch_leaves":4,"minecraft:grass":21,"minecraft:coal_ore":51,"minecraft:oak_log":73,"minecraft:gravel":20,"minecraft:dirt":33,"minecraft:oak_leaves":14},"minecraft:picked_up":{"minecraft:crafting_table":11,"minecraft:black_carpet":1,"minecraft:wheat":3,"minecraft:chicken":6,"minecraft:wooden_pickaxe":1,"minecraft:string":8,"minecraft:wooden_sword":1,"minecraft:experience_bottle":1,"quark:pink_blossom_leaves":60,"minecraft:beef":5,"minecraft:poppy":1,"minecraft:sugar_cane":11,"minecraft:chest":5,"minecraft:birch_sapling":1,"minecraft:egg":3,"minecraft:furnace":4,"minecraft:raw_iron":45,"minecraft:stick":4,"minecraft:torch":10,"quark:blossom_log":4,"minecraft:porkchop":18,"quark:pink_blossom_sapling":1,"minecraft:music_disc_11":1,"minecraft:carrot":9,"minecraft:cauldron":1,"minecraft:goat_horn":1,"minecraft:arrow":2,"minecraft:rotten_flesh":8,"minecraft:mutton":9,"minecraft:white_wool":4,"minecraft:cobblestone":269,"minecraft:birch_log":54,"minecraft:feather":7,"minecraft:glow_ink_sac":4,"minecraft:tripwire_hook":2,"minecraft:andesite":3,"minecraft:leather":5,"minecraft:smoker":1,"minecraft:potato":14,"minecraft:birch_planks":28,"minecraft:oak_log":73,"minecraft:gunpowder":1,"minecraft:lapis_lazuli":4,"minecraft:dirt":111,"minecraft:paper":10,"minecraft:bone":2,"minecraft:apple":3,"minecraft:wheat_seeds":3,"minecraft:iron_ingot":3,"minecraft:bamboo":2,"minecraft:moss_block":8,"minecraft:oak_planks":1,"minecraft:book":5,"minecraft:scaffolding":1,"minecraft:pumpkin":4,"minecraft:birch_boat":2,"minecraft:dandelion":13,"minecraft:gravel":25,"alexsmobs:animal_dictionary":1,"minecraft:dark_oak_log":9,"alexsmobs:maggot":1,"minecraft:oak_sapling":6,"minecraft:coal":62},"minecraft:killed_by":{"minecraft:player":1},"minecraft:killed":{"minecraft:horse":5,"minecraft:skeleton":3,"minecraft:chicken":6,"minecraft:pig":10,"minecraft:creeper":2,"minecraft:sheep":4,"minecraft:zombie":17,"alexsmobs:fly":1,"endofherobrine:sheep":10,"minecraft:cow":2},"minecraft:used":{"minecraft:stone_sword":45,"quark:pink_blossom_leaves":7,"minecraft:stone_shovel":79,"minecraft:shield":8,"minecraft:cooked_chicken":1,"minecraft:rotten_flesh":8,"minecraft:torch":44,"minecraft:dirt":4,"minecraft:mutton":3,"minecraft:carrot":8,"minecraft:wooden_axe":36,"minecraft:iron_axe":145,"minecraft:furnace":5,"minecraft:potato":14,"minecraft:cooked_beef":5,"minecraft:wheat_seeds":2,"minecraft:cooked_mutton":7,"minecraft:water_bucket":18,"minecraft:birch_planks":130,"minecraft:stone_pickaxe":248,"minecraft:oak_planks":5,"minecraft:birch_boat":2,"minecraft:wooden_pickaxe":7,"minecraft:sugar_cane":26,"minecraft:crafting_table":11,"minecraft:smoker":1,"minecraft:wooden_hoe":31,"minecraft:apple":14,"minecraft:bread":7,"minecraft:iron_pickaxe":129,"minecraft:stone_axe":80,"minecraft:cobblestone":53,"minecraft:cooked_porkchop":7,"minecraft:bucket":19,"minecraft:bone_meal":6},"minecraft:custom":{"minecraft:mob_kills":61,"minecraft:interact_with_crafting_table":25,"minecraft:leave_game":3,"minecraft:time_since_death":92414,"minecraft:climb_one_cm":848,"minecraft:sprint_one_cm":314025,"minecraft:walk_one_cm":210837,"minecraft:damage_blocked_by_shield":310,"minecraft:drop":10,"minecraft:play_time":129321,"minecraft:deaths":1,"minecraft:sneak_time":15582,"minecraft:walk_under_water_one_cm":4407,"minecraft:boat_one_cm":17917,"minecraft:jump":3225,"minecraft:walk_on_water_one_cm":9137,"minecraft:total_world_time":129321,"minecraft:interact_with_furnace":50,"minecraft:sleep_in_bed":1,"minecraft:time_since_rest":38552,"minecraft:damage_taken":1987,"minecraft:damage_dealt":8321,"minecraft:swim_one_cm":40918,"minecraft:fly_one_cm":561624,"minecraft:player_kills":2,"minecraft:open_chest":36,"minecraft:crouch_one_cm":53505,"minecraft:interact_with_smoker":2,"minecraft:fall_one_cm":109760},"minecraft:broken":{"minecraft:stone_pickaxe":1},"minecraft:crafted":{"minecraft:oak_planks":36,"minecraft:stone_shovel":1,"minecraft:birch_boat":1,"minecraft:cooked_chicken":6,"minecraft:furnace":2,"minecraft:bone_meal":6,"minecraft:cooked_mutton":8,"minecraft:iron_boots":1,"minecraft:iron_axe":1,"minecraft:stone_pickaxe":5,"minecraft:cooked_beef":0,"minecraft:cooked_porkchop":5,"minecraft:crafting_table":3,"minecraft:wooden_pickaxe":2,"minecraft:iron_helmet":1,"minecraft:bucket":1,"minecraft:birch_planks":196,"minecraft:stone_axe":2,"minecraft:bread":1,"minecraft:air":0,"minecraft:iron_chestplate":1,"minecraft:wooden_hoe":1,"minecraft:charcoal":1,"minecraft:shield":1,"minecraft:stick":29,"minecraft:iron_ingot":24,"minecraft:iron_pickaxe":1,"minecraft:wooden_axe":2,"minecraft:stone_sword":1,"minecraft:torch":60},"minecraft:dropped":{"minecraft:iron_sword":1,"minecraft:birch_planks":1,"minecraft:iron_helmet":1,"minecraft:coal":18,"minecraft:iron_leggings":1,"minecraft:iron_axe":1,"minecraft:iron_pickaxe":1,"minecraft:raw_iron":11,"minecraft:iron_boots":1,"minecraft:iron_chestplate":1}},"DataVersion":3120}