{"stats":{"minecraft:killed":{"minecraft:pig":5,"minecraft:creeper":1,"minecraft:skeleton":3,"minecraft:sheep":2,"minecraft:zombie":13,"minecraft:chicken":3,"minecraft:cow":1},"minecraft:custom":{"minecraft:interact_with_furnace":35,"minecraft:mob_kills":29,"minecraft:interact_with_crafting_table":16,"minecraft:leave_game":2,"minecraft:time_since_death":33296,"minecraft:climb_one_cm":424,"minecraft:time_since_rest":33329,"minecraft:sprint_one_cm":130255,"minecraft:damage_taken":1289,"minecraft:walk_one_cm":109296,"minecraft:damage_blocked_by_shield":310,"minecraft:damage_dealt":4346,"minecraft:swim_one_cm":3570,"minecraft:fly_one_cm":191634,"minecraft:player_kills":2,"minecraft:open_chest":2,"minecraft:crouch_one_cm":41777,"minecraft:play_time":70203,"minecraft:deaths":1,"minecraft:sneak_time":12435,"minecraft:walk_under_water_one_cm":83,"minecraft:boat_one_cm":16673,"minecraft:jump":1480,"minecraft:walk_on_water_one_cm":3837,"minecraft:total_world_time":70203,"minecraft:fall_one_cm":61435},"minecraft:crafted":{"minecraft:cooked_beef":0,"minecraft:oak_planks":16,"minecraft:cooked_porkchop":3,"minecraft:crafting_table":3,"minecraft:birch_boat":1,"minecraft:wooden_pickaxe":2,"minecraft:iron_helmet":1,"minecraft:cooked_chicken":3,"minecraft:furnace":2,"minecraft:birch_planks":196,"minecraft:stone_axe":2,"minecraft:cooked_mutton":3,"minecraft:air":0,"minecraft:iron_boots":1,"minecraft:iron_chestplate":1,"minecraft:charcoal":1,"minecraft:shield":1,"minecraft:iron_axe":1,"minecraft:stick":24,"minecraft:iron_ingot":24,"minecraft:iron_pickaxe":1,"minecraft:stone_pickaxe":2,"minecraft:wooden_axe":2,"minecraft:torch":28},"minecraft:picked_up":{"minecraft:birch_log":49,"minecraft:crafting_table":10,"minecraft:black_carpet":1,"minecraft:feather":4,"minecraft:chicken":3,"minecraft:glow_ink_sac":4,"minecraft:andesite":3,"minecraft:leather":2,"minecraft:wooden_pickaxe":1,"minecraft:smoker":1,"minecraft:birch_planks":26,"minecraft:oak_log":34,"minecraft:gunpowder":1,"minecraft:dirt":15,"minecraft:lapis_lazuli":4,"minecraft:wooden_sword":1,"minecraft:bone":2,"minecraft:apple":3,"minecraft:wheat_seeds":1,"minecraft:beef":2,"minecraft:poppy":1,"minecraft:chest":1,"minecraft:birch_sapling":1,"minecraft:egg":1,"minecraft:furnace":4,"minecraft:scaffolding":1,"minecraft:stick":4,"minecraft:raw_iron":38,"minecraft:birch_boat":1,"minecraft:torch":5,"minecraft:porkchop":9,"alexsmobs:animal_dictionary":1,"minecraft:cauldron":1,"minecraft:arrow":2,"minecraft:rotten_flesh":8,"minecraft:oak_sapling":6,"minecraft:mutton":3,"minecraft:coal":57,"minecraft:white_wool":2,"minecraft:cobblestone":134},"minecraft:killed_by":{"minecraft:player":1},"minecraft:mined":{"minecraft:scaffolding":1,"minecraft:smoker":1,"minecraft:crafting_table":11,"minecraft:torch":2,"minecraft:grass_block":1,"minecraft:poppy":1,"minecraft:chest":1,"minecraft:cobblestone":6,"minecraft:lapis_ore":1,"minecraft:wall_torch":2,"minecraft:birch_planks":24,"minecraft:furnace":4,"minecraft:birch_log":50,"minecraft:iron_ore":38,"minecraft:andesite":3,"minecraft:birch_leaves":3,"minecraft:grass":5,"minecraft:oak_log":34,"minecraft:coal_ore":46,"minecraft:water_cauldron":1,"minecraft:dirt":5,"minecraft:stone":123,"minecraft:oak_leaves":9},"minecraft:used":{"minecraft:cooked_mutton":3,"minecraft:birch_planks":110,"minecraft:stone_pickaxe":118,"minecraft:oak_planks":5,"minecraft:wooden_pickaxe":7,"minecraft:birch_boat":1,"minecraft:shield":8,"minecraft:cooked_chicken":1,"minecraft:rotten_flesh":1,"minecraft:torch":25,"minecraft:dirt":4,"minecraft:crafting_table":10,"minecraft:wooden_axe":36,"minecraft:apple":2,"minecraft:bread":6,"minecraft:iron_axe":61,"minecraft:iron_pickaxe":101,"minecraft:stone_axe":80,"minecraft:cobblestone":44,"minecraft:furnace":4,"minecraft:cooked_porkchop":5,"minecraft:cooked_beef":2}},"DataVersion":3120}