{"stats":{"minecraft:picked_up":{"minecraft:birch_log":24,"minecraft:stick":2,"minecraft:crafting_table":3,"minecraft:feather":4,"minecraft:chicken":3,"minecraft:leather":2,"minecraft:torch":3,"minecraft:birch_planks":8,"minecraft:oak_log":25,"minecraft:rotten_flesh":2,"minecraft:apple":3,"minecraft:beef":2,"minecraft:oak_sapling":2,"minecraft:birch_sapling":1,"minecraft:mutton":3,"minecraft:furnace":2,"minecraft:white_wool":2,"minecraft:cobblestone":27,"minecraft:egg":1},"minecraft:killed":{"minecraft:sheep":2,"minecraft:zombie":1,"minecraft:chicken":3,"minecraft:cow":1},"minecraft:used":{"minecraft:cooked_mutton":2,"minecraft:wooden_axe":18,"minecraft:birch_planks":21,"minecraft:stone_pickaxe":25,"minecraft:wooden_pickaxe":4,"minecraft:rotten_flesh":1,"minecraft:stone_axe":46,"minecraft:torch":3,"minecraft:crafting_table":3,"minecraft:furnace":2},"minecraft:mined":{"minecraft:birch_planks":7,"minecraft:furnace":2,"minecraft:birch_log":24,"minecraft:birch_leaves":3,"minecraft:torch":1,"minecraft:crafting_table":3,"minecraft:oak_log":25,"minecraft:stone":27,"minecraft:wall_torch":2,"minecraft:oak_leaves":8},"minecraft:custom":{"minecraft:time_since_rest":18964,"minecraft:interact_with_furnace":8,"minecraft:sprint_one_cm":20562,"minecraft:damage_taken":120,"minecraft:walk_one_cm":24540,"minecraft:mob_kills":7,"minecraft:damage_dealt":458,"minecraft:interact_with_crafting_table":4,"minecraft:fly_one_cm":24968,"minecraft:crouch_one_cm":6429,"minecraft:play_time":18964,"minecraft:sneak_time":2019,"minecraft:jump":198,"minecraft:leave_game":1,"minecraft:time_since_death":18964,"minecraft:total_world_time":18964,"minecraft:fall_one_cm":6326},"minecraft:crafted":{"minecraft:cooked_beef":0,"minecraft:charcoal":1,"minecraft:crafting_table":1,"minecraft:stick":8,"minecraft:wooden_pickaxe":1,"minecraft:cooked_chicken":3,"minecraft:stone_pickaxe":1,"minecraft:wooden_axe":1,"minecraft:furnace":1,"minecraft:torch":4,"minecraft:birch_planks":96,"minecraft:stone_axe":1,"minecraft:air":0,"minecraft:cooked_mutton":3}},"DataVersion":3120}