{"stats":{"minecraft:broken":{"minecraft:stone_pickaxe":3,"minecraft:iron_pickaxe":1,"minecraft:wooden_hoe":3},"minecraft:killed":{"minecraft:witch":3,"minecraft:spider":1,"quark:toretoise":1,"minecraft:skeleton":3,"minecraft:horse":5,"minecraft:chicken":6,"minecraft:silverfish":2,"minecraft:pig":10,"minecraft:creeper":2,"minecraft:sheep":4,"minecraft:zombie":23,"alexsmobs:fly":1,"endofherobrine:sheep":10,"minecraft:cow":2},"minecraft:custom":{"minecraft:mob_kills":72,"minecraft:interact_with_crafting_table":46,"minecraft:open_barrel":23,"minecraft:bell_ring":36,"minecraft:leave_game":3,"minecraft:time_since_death":200078,"minecraft:climb_one_cm":848,"minecraft:sprint_one_cm":449649,"minecraft:walk_one_cm":480271,"minecraft:damage_blocked_by_shield":310,"minecraft:drop":12,"minecraft:talked_to_villager":4,"minecraft:play_time":236985,"minecraft:sneak_time":29311,"minecraft:deaths":1,"minecraft:walk_under_water_one_cm":5656,"minecraft:boat_one_cm":17917,"minecraft:jump":4559,"minecraft:walk_on_water_one_cm":17024,"minecraft:total_world_time":236985,"minecraft:interact_with_furnace":65,"minecraft:sleep_in_bed":2,"minecraft:time_since_rest":52483,"minecraft:damage_taken":2390,"minecraft:damage_dealt":11062,"minecraft:player_kills":2,"minecraft:swim_one_cm":40918,"minecraft:fly_one_cm":785188,"minecraft:open_chest":76,"minecraft:crouch_one_cm":93678,"minecraft:interact_with_smoker":5,"minecraft:fall_one_cm":123493},"minecraft:dropped":{"minecraft:iron_sword":1,"minecraft:birch_planks":1,"minecraft:cooked_porkchop":2,"minecraft:iron_helmet":1,"minecraft:coal":18,"minecraft:iron_leggings":1,"minecraft:iron_axe":1,"minecraft:iron_pickaxe":1,"minecraft:raw_iron":11,"minecraft:iron_boots":1,"minecraft:iron_chestplate":1},"minecraft:crafted":{"minecraft:oak_planks":56,"minecraft:stone_shovel":1,"minecraft:birch_boat":1,"minecraft:cooked_chicken":6,"minecraft:furnace":3,"minecraft:cobblestone_stairs":124,"minecraft:bone_meal":114,"minecraft:spruce_fence":183,"minecraft:cooked_mutton":8,"minecraft:deepslate_brick_stairs":4,"minecraft:polished_deepslate":32,"minecraft:iron_boots":1,"minecraft:iron_axe":1,"minecraft:stone_pickaxe":10,"minecraft:stone_hoe":2,"minecraft:smoker":1,"minecraft:cooked_beef":0,"minecraft:cooked_porkchop":5,"minecraft:baked_potato":30,"minecraft:crafting_table":3,"minecraft:spruce_planks":244,"minecraft:wooden_pickaxe":2,"minecraft:iron_helmet":1,"minecraft:iron_sword":1,"minecraft:bucket":3,"minecraft:birch_planks":196,"minecraft:stone_axe":2,"minecraft:bread":1,"minecraft:air":0,"minecraft:wooden_hoe":4,"minecraft:iron_chestplate":1,"minecraft:diamond_pickaxe":1,"minecraft:charcoal":1,"minecraft:shield":1,"minecraft:stick":29,"minecraft:iron_ingot":34,"minecraft:iron_pickaxe":2,"minecraft:wooden_axe":2,"minecraft:stone_sword":1,"minecraft:iron_shovel":1,"minecraft:iron_leggings":1,"minecraft:torch":92,"minecraft:deepslate_bricks":32},"minecraft:picked_up":{"minecraft:crafting_table":11,"minecraft:black_carpet":1,"minecraft:wheat":7,"minecraft:chicken":6,"minecraft:creeper_head":1,"minecraft:wooden_pickaxe":1,"minecraft:infested_stone":12,"minecraft:brewing_stand":1,"minecraft:string":10,"minecraft:raw_copper":10,"minecraft:wooden_sword":1,"minecraft:experience_bottle":1,"minecraft:beetroot":2,"quark:pink_blossom_leaves":60,"minecraft:cobbled_deepslate":353,"minecraft:beef":5,"minecraft:calcite":16,"minecraft:poppy":1,"minecraft:sugar_cane":98,"minecraft:chest":5,"minecraft:birch_sapling":1,"minecraft:furnace":6,"minecraft:egg":3,"minecraft:stick":4,"minecraft:raw_iron":92,"minecraft:composter":1,"minecraft:oak_fence":1,"minecraft:spruce_stairs":1,"minecraft:torch":28,"minecraft:spruce_fence":27,"quark:blossom_log":4,"minecraft:porkchop":18,"quark:pink_blossom_sapling":1,"minecraft:music_disc_11":1,"minecraft:diorite":34,"minecraft:carrot":66,"minecraft:redstone":2,"minecraft:goat_horn":1,"minecraft:cauldron":1,"minecraft:arrow":2,"minecraft:rotten_flesh":18,"minecraft:beetroot_seeds":14,"minecraft:deepslate_bricks":2,"minecraft:hay_block":25,"minecraft:mutton":9,"minecraft:bone_block":12,"minecraft:white_wool":4,"minecraft:cobblestone":520,"minecraft:birch_log":54,"minecraft:oxidized_cut_copper_stairs":1,"minecraft:feather":7,"minecraft:glow_ink_sac":4,"minecraft:tripwire_hook":2,"minecraft:andesite":21,"minecraft:black_bed":1,"minecraft:leather":5,"minecraft:smoker":1,"minecraft:potato":258,"minecraft:birch_planks":28,"minecraft:flint":3,"minecraft:tuff":68,"minecraft:oak_log":73,"minecraft:yellow_bed":2,"minecraft:cobblestone_stairs":9,"minecraft:gunpowder":6,"minecraft:paper":10,"minecraft:lapis_lazuli":4,"minecraft:dirt":393,"minecraft:lantern":1,"minecraft:bone":2,"minecraft:apple":3,"minecraft:wheat_seeds":18,"minecraft:raw_gold":7,"minecraft:bell":4,"minecraft:iron_ingot":21,"minecraft:bamboo":2,"minecraft:moss_block":8,"minecraft:oak_planks":2,"minecraft:book":5,"minecraft:scaffolding":1,"minecraft:birch_boat":2,"minecraft:pumpkin":4,"minecraft:dandelion":22,"minecraft:gravel":64,"minecraft:dark_oak_log":9,"minecraft:spider_eye":4,"alexsmobs:animal_dictionary":1,"minecraft:diamond":12,"minecraft:granite":10,"minecraft:bread":7,"alexsmobs:maggot":1,"minecraft:oak_sapling":6,"minecraft:coal":123},"minecraft:killed_by":{"minecraft:player":1},"minecraft:mined":{"minecraft:infested_deepslate":2,"minecraft:tuff":68,"minecraft:farmland":20,"minecraft:deepslate_diamond_ore":11,"minecraft:oak_door":1,"minecraft:cobblestone_stairs":10,"minecraft:brewing_stand":1,"minecraft:glow_lichen":2,"minecraft:granite":10,"minecraft:spruce_fence":29,"minecraft:grass_block":228,"minecraft:deepslate_bricks":2,"minecraft:composter":1,"minecraft:hay_block":25,"minecraft:tall_seagrass":1,"minecraft:furnace":6,"minecraft:carrots":18,"quark:pink_blossom_leaves":3,"minecraft:iron_ore":66,"minecraft:cobbled_deepslate":8,"minecraft:andesite":21,"minecraft:pumpkin":5,"minecraft:bell":4,"minecraft:potatoes":37,"minecraft:deepslate_iron_ore":16,"minecraft:water_cauldron":1,"minecraft:stone":509,"minecraft:podzol":1,"minecraft:scaffolding":1,"minecraft:smoker":1,"minecraft:dandelion":10,"minecraft:oxidized_cut_copper_stairs":1,"minecraft:oak_fence":1,"minecraft:crafting_table":12,"minecraft:torch":11,"minecraft:calcite":16,"minecraft:poppy":1,"minecraft:chest":5,"quark:blossom_log":1,"minecraft:tall_grass":17,"minecraft:cobblestone":10,"minecraft:deepslate_gold_ore":4,"minecraft:lapis_ore":1,"minecraft:oak_planks":2,"minecraft:sugar_cane":72,"minecraft:diorite":34,"minecraft:wall_torch":13,"minecraft:seagrass":1,"minecraft:birch_planks":25,"minecraft:birch_log":55,"minecraft:wheat":3,"minecraft:birch_leaves":4,"minecraft:black_bed":1,"minecraft:yellow_bed":2,"minecraft:grass":26,"minecraft:oak_log":73,"minecraft:coal_ore":87,"minecraft:beetroots":4,"minecraft:gravel":42,"minecraft:dirt":136,"minecraft:oak_leaves":14,"minecraft:deepslate":343},"minecraft:used":{"minecraft:stone_sword":50,"minecraft:iron_shovel":230,"quark:pink_blossom_leaves":7,"minecraft:stone_shovel":79,"minecraft:shield":8,"minecraft:iron_sword":48,"minecraft:farmland":189,"minecraft:stone_hoe":139,"minecraft:cooked_chicken":2,"minecraft:rotten_flesh":8,"minecraft:bell":3,"minecraft:torch":124,"minecraft:dirt":268,"minecraft:mutton":3,"minecraft:carrot":37,"minecraft:tuff":10,"minecraft:spruce_fence":475,"minecraft:wooden_axe":36,"minecraft:lantern":15,"minecraft:iron_axe":179,"minecraft:furnace":6,"minecraft:oxidized_cut_copper_stairs":1,"minecraft:cooked_beef":5,"minecraft:potato":314,"minecraft:cobbled_deepslate":47,"minecraft:wheat_seeds":3,"minecraft:cooked_mutton":7,"minecraft:water_bucket":71,"minecraft:cobblestone_stairs":114,"minecraft:birch_planks":130,"minecraft:stone_pickaxe":570,"minecraft:oak_planks":6,"minecraft:wooden_pickaxe":7,"minecraft:birch_boat":2,"minecraft:sugar_cane":27,"minecraft:deepslate_bricks":109,"minecraft:crafting_table":12,"minecraft:black_bed":1,"minecraft:deepslate_brick_stairs":11,"minecraft:smoker":2,"minecraft:wooden_hoe":208,"minecraft:diamond_pickaxe":234,"minecraft:apple":14,"minecraft:bread":11,"minecraft:iron_pickaxe":442,"minecraft:stone_axe":80,"minecraft:cobblestone":81,"minecraft:cooked_porkchop":12,"minecraft:bucket":53,"minecraft:yellow_bed":2,"quark:oak_chest":2,"minecraft:bone_meal":114}},"DataVersion":3120}