{"stats":{"minecraft:killed":{"minecraft:pig":5,"minecraft:creeper":1,"minecraft:skeleton":3,"minecraft:sheep":2,"minecraft:zombie":13,"minecraft:chicken":3,"minecraft:cow":2},"minecraft:custom":{"minecraft:interact_with_furnace":36,"minecraft:mob_kills":30,"minecraft:interact_with_crafting_table":16,"minecraft:leave_game":3,"minecraft:time_since_death":46992,"minecraft:climb_one_cm":424,"minecraft:time_since_rest":47025,"minecraft:sprint_one_cm":193313,"minecraft:damage_taken":1419,"minecraft:walk_one_cm":127451,"minecraft:damage_blocked_by_shield":310,"minecraft:drop":9,"minecraft:damage_dealt":4446,"minecraft:swim_one_cm":6799,"minecraft:fly_one_cm":278222,"minecraft:player_kills":2,"minecraft:open_chest":3,"minecraft:crouch_one_cm":47049,"minecraft:play_time":83899,"minecraft:deaths":1,"minecraft:sneak_time":13382,"minecraft:walk_under_water_one_cm":428,"minecraft:boat_one_cm":17917,"minecraft:jump":2009,"minecraft:walk_on_water_one_cm":4141,"minecraft:interact_with_smoker":2,"minecraft:total_world_time":83899,"minecraft:fall_one_cm":76666},"minecraft:dropped":{"minecraft:iron_sword":1,"minecraft:raw_iron":11,"minecraft:iron_helmet":1,"minecraft:iron_boots":1,"minecraft:coal":18,"minecraft:iron_chestplate":1,"minecraft:iron_leggings":1,"minecraft:iron_axe":1,"minecraft:iron_pickaxe":1},"minecraft:crafted":{"minecraft:cooked_beef":0,"minecraft:oak_planks":36,"minecraft:cooked_porkchop":3,"minecraft:crafting_table":3,"minecraft:birch_boat":1,"minecraft:wooden_pickaxe":2,"minecraft:iron_helmet":1,"minecraft:cooked_chicken":3,"minecraft:furnace":2,"minecraft:birch_planks":196,"minecraft:stone_axe":2,"minecraft:cooked_mutton":3,"minecraft:air":0,"minecraft:iron_boots":1,"minecraft:iron_chestplate":1,"minecraft:charcoal":1,"minecraft:shield":1,"minecraft:iron_axe":1,"minecraft:stick":24,"minecraft:iron_ingot":24,"minecraft:iron_pickaxe":1,"minecraft:stone_pickaxe":2,"minecraft:wooden_axe":2,"minecraft:torch":28},"minecraft:picked_up":{"minecraft:birch_log":49,"minecraft:crafting_table":10,"minecraft:black_carpet":1,"minecraft:feather":4,"minecraft:chicken":3,"minecraft:glow_ink_sac":4,"minecraft:andesite":3,"minecraft:leather":2,"minecraft:wooden_pickaxe":1,"minecraft:smoker":1,"minecraft:birch_planks":27,"minecraft:oak_log":34,"minecraft:gunpowder":1,"minecraft:dirt":15,"minecraft:lapis_lazuli":4,"minecraft:wooden_sword":1,"minecraft:bone":2,"minecraft:apple":3,"minecraft:wheat_seeds":1,"minecraft:beef":5,"minecraft:poppy":1,"minecraft:sugar_cane":4,"minecraft:chest":1,"minecraft:birch_sapling":1,"minecraft:egg":1,"minecraft:furnace":4,"minecraft:scaffolding":1,"minecraft:stick":4,"minecraft:raw_iron":45,"minecraft:birch_boat":2,"minecraft:torch":5,"minecraft:porkchop":9,"alexsmobs:animal_dictionary":1,"minecraft:cauldron":1,"minecraft:arrow":2,"minecraft:rotten_flesh":8,"minecraft:oak_sapling":6,"minecraft:mutton":3,"minecraft:coal":62,"minecraft:white_wool":2,"minecraft:cobblestone":136},"minecraft:killed_by":{"minecraft:player":1},"minecraft:mined":{"minecraft:scaffolding":1,"minecraft:smoker":1,"minecraft:crafting_table":11,"minecraft:torch":2,"minecraft:grass_block":1,"minecraft:poppy":1,"minecraft:chest":1,"minecraft:cobblestone":6,"minecraft:lapis_ore":1,"minecraft:sugar_cane":3,"minecraft:wall_torch":2,"minecraft:birch_planks":25,"minecraft:furnace":4,"quark:pink_blossom_leaves":2,"minecraft:birch_log":50,"minecraft:iron_ore":45,"minecraft:andesite":3,"minecraft:birch_leaves":4,"minecraft:grass":6,"minecraft:oak_log":34,"minecraft:coal_ore":51,"minecraft:water_cauldron":1,"minecraft:dirt":5,"minecraft:stone":127,"minecraft:oak_leaves":14},"minecraft:used":{"minecraft:cooked_mutton":3,"minecraft:birch_planks":112,"minecraft:stone_pickaxe":118,"minecraft:oak_planks":5,"minecraft:wooden_pickaxe":7,"minecraft:birch_boat":2,"minecraft:shield":8,"minecraft:cooked_chicken":1,"minecraft:rotten_flesh":1,"minecraft:torch":28,"minecraft:dirt":4,"minecraft:crafting_table":10,"minecraft:smoker":1,"minecraft:wooden_axe":36,"minecraft:apple":14,"minecraft:bread":6,"minecraft:iron_axe":63,"minecraft:iron_pickaxe":117,"minecraft:stone_axe":80,"minecraft:cobblestone":44,"minecraft:furnace":4,"minecraft:cooked_porkchop":5,"minecraft:cooked_beef":2}},"DataVersion":3120}