{"stats":{"minecraft:killed_by":{"minecraft:player":1},"minecraft:picked_up":{"minecraft:birch_log":49,"minecraft:crafting_table":10,"minecraft:black_carpet":1,"minecraft:feather":4,"minecraft:chicken":3,"minecraft:glow_ink_sac":4,"minecraft:andesite":3,"minecraft:leather":2,"minecraft:wooden_pickaxe":1,"minecraft:smoker":1,"minecraft:birch_planks":26,"minecraft:oak_log":34,"minecraft:gunpowder":1,"minecraft:lapis_lazuli":4,"minecraft:dirt":15,"minecraft:wooden_sword":1,"minecraft:apple":3,"minecraft:wheat_seeds":1,"minecraft:beef":2,"minecraft:poppy":1,"minecraft:chest":1,"minecraft:birch_sapling":1,"minecraft:egg":1,"minecraft:furnace":4,"minecraft:scaffolding":1,"minecraft:stick":4,"minecraft:raw_iron":31,"minecraft:birch_boat":1,"minecraft:torch":4,"minecraft:porkchop":9,"minecraft:cauldron":1,"alexsmobs:animal_dictionary":1,"minecraft:rotten_flesh":8,"minecraft:oak_sapling":6,"minecraft:mutton":3,"minecraft:coal":39,"minecraft:white_wool":2,"minecraft:cobblestone":127},"minecraft:killed":{"minecraft:pig":5,"minecraft:creeper":1,"minecraft:sheep":2,"minecraft:zombie":12,"minecraft:chicken":3,"minecraft:cow":1},"minecraft:used":{"minecraft:cooked_mutton":3,"minecraft:birch_planks":96,"minecraft:stone_pickaxe":118,"minecraft:oak_planks":5,"minecraft:shield":1,"minecraft:birch_boat":1,"minecraft:wooden_pickaxe":7,"minecraft:cooked_chicken":1,"minecraft:rotten_flesh":1,"minecraft:torch":20,"minecraft:dirt":4,"minecraft:crafting_table":10,"minecraft:wooden_axe":36,"minecraft:bread":6,"minecraft:iron_axe":55,"minecraft:iron_pickaxe":68,"minecraft:stone_axe":80,"minecraft:cobblestone":24,"minecraft:furnace":4,"minecraft:cooked_porkchop":5,"minecraft:cooked_beef":2},"minecraft:mined":{"minecraft:scaffolding":1,"minecraft:smoker":1,"minecraft:crafting_table":11,"minecraft:torch":2,"minecraft:grass_block":1,"minecraft:poppy":1,"minecraft:chest":1,"minecraft:cobblestone":1,"minecraft:lapis_ore":1,"minecraft:wall_torch":2,"minecraft:birch_planks":24,"minecraft:furnace":4,"minecraft:birch_log":50,"minecraft:iron_ore":31,"minecraft:andesite":3,"minecraft:birch_leaves":3,"minecraft:grass":5,"minecraft:oak_log":34,"minecraft:coal_ore":27,"minecraft:water_cauldron":1,"minecraft:dirt":5,"minecraft:stone":121,"minecraft:oak_leaves":9},"minecraft:custom":{"minecraft:interact_with_furnace":35,"minecraft:mob_kills":25,"minecraft:interact_with_crafting_table":16,"minecraft:leave_game":2,"minecraft:time_since_death":27023,"minecraft:climb_one_cm":424,"minecraft:time_since_rest":27056,"minecraft:sprint_one_cm":111976,"minecraft:damage_taken":1212,"minecraft:walk_one_cm":97203,"minecraft:damage_blocked_by_shield":20,"minecraft:damage_dealt":3776,"minecraft:fly_one_cm":154407,"minecraft:player_kills":2,"minecraft:open_chest":2,"minecraft:crouch_one_cm":41225,"minecraft:play_time":63930,"minecraft:deaths":1,"minecraft:sneak_time":12318,"minecraft:boat_one_cm":16673,"minecraft:jump":1214,"minecraft:walk_on_water_one_cm":3472,"minecraft:total_world_time":63930,"minecraft:fall_one_cm":54217},"minecraft:crafted":{"minecraft:cooked_beef":0,"minecraft:oak_planks":16,"minecraft:cooked_porkchop":3,"minecraft:crafting_table":3,"minecraft:birch_boat":1,"minecraft:iron_helmet":1,"minecraft:wooden_pickaxe":2,"minecraft:cooked_chicken":3,"minecraft:furnace":2,"minecraft:birch_planks":196,"minecraft:stone_axe":2,"minecraft:cooked_mutton":3,"minecraft:air":0,"minecraft:iron_boots":1,"minecraft:iron_chestplate":1,"minecraft:charcoal":1,"minecraft:shield":1,"minecraft:iron_axe":1,"minecraft:stick":24,"minecraft:iron_pickaxe":1,"minecraft:iron_ingot":24,"minecraft:stone_pickaxe":2,"minecraft:wooden_axe":2,"minecraft:torch":16}},"DataVersion":3120}