{"stats":{"minecraft:mined":{"minecraft:oak_log":7,"minecraft:grass_block":10,"minecraft:birch_leaves":1},"minecraft:picked_up":{"minecraft:oak_log":7,"minecraft:dirt":26},"minecraft:used":{"alexsmobs:animal_dictionary":1,"minecraft:dirt":23,"minecraft:oak_planks":24,"minecraft:oak_log":1},"minecraft:custom":{"minecraft:jump":85,"minecraft:time_since_rest":6101,"minecraft:damage_taken":200,"minecraft:damage_dealt":58,"minecraft:crouch_one_cm":3419,"minecraft:sprint_one_cm":6910,"minecraft:leave_game":2,"minecraft:play_time":6101,"minecraft:time_since_death":6101,"minecraft:walk_one_cm":14861,"minecraft:sneak_time":830,"minecraft:total_world_time":6101,"minecraft:fall_one_cm":1750,"minecraft:fly_one_cm":4267},"minecraft:crafted":{"minecraft:oak_planks":24}},"DataVersion":3120}