{
  "minecraft:adventure/sleep_in_bed": {
    "criteria": {
      "slept_in_bed": "2024-07-08 23:47:16 +0000"
    },
    "done": true
  },
  "betterdungeons:root": {
    "criteria": {
      "always": "2024-07-08 23:30:19 +0000"
    },
    "done": true
  },
  "minecraft:husbandry/balanced_diet": {
    "criteria": {
      "sweet_berries": "2024-07-08 23:39:44 +0000",
      "cooked_chicken": "2024-07-08 23:35:59 +0000"
    },
    "done": false
  },
  "betterdeserttemples:root": {
    "criteria": {
      "always": "2024-07-08 23:30:19 +0000"
    },
    "done": true
  },
  "minecraft:husbandry/root": {
    "criteria": {
      "consumed_item": "2024-07-08 23:31:42 +0000"
    },
    "done": true
  },
  "minecraft:story/mine_stone": {
    "criteria": {
      "get_stone": "2024-07-08 23:32:14 +0000"
    },
    "done": true
  },
  "minecraft:adventure/root": {
    "criteria": {
      "killed_by_something": "2024-07-08 23:32:26 +0000"
    },
    "done": true
  },
  "endofherobrine:story/root": {
    "criteria": {
      "requirement": "2024-07-08 23:32:19 +0000"
    },
    "done": true
  },
  "minecraft:story/upgrade_tools": {
    "criteria": {
      "stone_pickaxe": "2024-07-08 23:35:43 +0000"
    },
    "done": true
  },
  "minecraft:adventure/adventuring_time": {
    "criteria": {
      "minecraft:taiga": "2024-07-08 23:39:31 +0000",
      "minecraft:river": "2024-07-08 23:44:41 +0000",
      "minecraft:stony_shore": "2024-07-08 23:45:14 +0000",
      "minecraft:snowy_taiga": "2024-07-08 23:52:25 +0000",
      "minecraft:grove": "2024-07-08 23:52:24 +0000",
      "minecraft:cold_ocean": "2024-07-08 23:44:49 +0000",
      "minecraft:forest": "2024-07-08 23:30:20 +0000",
      "minecraft:frozen_ocean": "2024-07-08 23:45:10 +0000",
      "minecraft:old_growth_spruce_taiga": "2024-07-08 23:43:02 +0000",
      "minecraft:snowy_beach": "2024-07-08 23:45:55 +0000",
      "minecraft:old_growth_birch_forest": "2024-07-08 23:39:15 +0000"
    },
    "done": false
  },
  "alexsmobs:alexsmobs/root": {
    "criteria": {
      "useitem": "2024-07-08 23:31:42 +0000"
    },
    "done": true
  },
  "minecraft:story/root": {
    "criteria": {
      "crafting_table": "2024-07-08 23:32:55 +0000"
    },
    "done": true
  },
  "DataVersion": 3120
}