{
  "betterdungeons:root": {
    "criteria": {
      "always": "2024-07-08 00:30:08 +0000"
    },
    "done": true
  },
  "betterdeserttemples:root": {
    "criteria": {
      "always": "2024-07-08 00:30:08 +0000"
    },
    "done": true
  },
  "endofherobrine:story/root": {
    "criteria": {
      "requirement": "2024-07-08 00:31:13 +0000"
    },
    "done": true
  },
  "minecraft:adventure/adventuring_time": {
    "criteria": {
      "minecraft:forest": "2024-07-08 00:30:12 +0000"
    },
    "done": false
  },
  "DataVersion": 3120
}