{
  "minecraft:adventure/sleep_in_bed": {
    "criteria": {
      "slept_in_bed": "2024-07-14 03:39:43 +0000"
    },
    "done": true
  },
  "betterdungeons:root": {
    "criteria": {
      "always": "2024-07-08 00:30:08 +0000"
    },
    "done": true
  },
  "betterdeserttemples:root": {
    "criteria": {
      "always": "2024-07-08 00:30:08 +0000"
    },
    "done": true
  },
  "minecraft:husbandry/root": {
    "criteria": {
      "consumed_item": "2024-07-08 23:12:56 +0000"
    },
    "done": true
  },
  "minecraft:story/iron_tools": {
    "criteria": {
      "iron_pickaxe": "2024-07-08 23:50:18 +0000"
    },
    "done": true
  },
  "minecraft:adventure/kill_a_mob": {
    "criteria": {
      "minecraft:zombie": "2024-07-08 23:11:51 +0000"
    },
    "done": true
  },
  "minecraft:adventure/kill_all_mobs": {
    "criteria": {
      "minecraft:skeleton": "2024-07-09 00:03:42 +0000",
      "minecraft:creeper": "2024-07-08 23:52:17 +0000",
      "minecraft:zombie": "2024-07-08 23:11:51 +0000"
    },
    "done": false
  },
  "minecraft:story/upgrade_tools": {
    "criteria": {
      "stone_pickaxe": "2024-07-08 23:14:54 +0000"
    },
    "done": true
  },
  "alexsmobs:alexsmobs/seagull_steal": {
    "criteria": {
      "ex": "2024-07-14 03:46:20 +0000"
    },
    "done": true
  },
  "minecraft:story/root": {
    "criteria": {
      "crafting_table": "2024-07-08 23:11:40 +0000"
    },
    "done": true
  },
  "alexsmobs:alexsmobs/orcas_might": {
    "criteria": {
      "all_effects": "2024-07-14 03:46:37 +0000"
    },
    "done": true
  },
  "minecraft:story/obtain_armor": {
    "criteria": {
      "iron_chestplate": "2024-07-08 23:52:46 +0000"
    },
    "done": true
  },
  "minecraft:husbandry/balanced_diet": {
    "criteria": {
      "cooked_porkchop": "2024-07-08 23:41:00 +0000",
      "cooked_mutton": "2024-07-08 23:16:24 +0000",
      "cooked_beef": "2024-07-08 23:32:31 +0000",
      "apple": "2024-07-14 03:12:29 +0000",
      "bread": "2024-07-09 00:00:29 +0000",
      "rotten_flesh": "2024-07-08 23:12:56 +0000",
      "cooked_chicken": "2024-07-08 23:35:25 +0000"
    },
    "done": false
  },
  "minecraft:story/smelt_iron": {
    "criteria": {
      "iron": "2024-07-08 23:49:56 +0000"
    },
    "done": true
  },
  "minecraft:story/mine_stone": {
    "criteria": {
      "get_stone": "2024-07-08 23:14:43 +0000"
    },
    "done": true
  },
  "minecraft:adventure/root": {
    "criteria": {
      "killed_something": "2024-07-08 23:11:51 +0000"
    },
    "done": true
  },
  "endofherobrine:story/root": {
    "criteria": {
      "requirement": "2024-07-08 00:31:13 +0000"
    },
    "done": true
  },
  "minecraft:story/deflect_arrow": {
    "criteria": {
      "deflected_projectile": "2024-07-14 03:11:09 +0000"
    },
    "done": true
  },
  "minecraft:adventure/adventuring_time": {
    "criteria": {
      "minecraft:taiga": "2024-07-14 03:42:45 +0000",
      "minecraft:savanna_plateau": "2024-07-08 23:59:31 +0000",
      "minecraft:beach": "2024-07-14 03:42:34 +0000",
      "minecraft:river": "2024-07-08 23:57:21 +0000",
      "minecraft:stony_shore": "2024-07-14 03:46:22 +0000",
      "minecraft:snowy_taiga": "2024-07-14 03:42:56 +0000",
      "minecraft:cold_ocean": "2024-07-14 03:47:01 +0000",
      "minecraft:forest": "2024-07-08 00:30:12 +0000",
      "minecraft:frozen_ocean": "2024-07-14 03:43:04 +0000",
      "minecraft:snowy_beach": "2024-07-14 03:43:02 +0000",
      "minecraft:old_growth_birch_forest": "2024-07-08 23:16:30 +0000",
      "minecraft:meadow": "2024-07-14 03:14:34 +0000",
      "minecraft:savanna": "2024-07-08 23:59:30 +0000",
      "minecraft:plains": "2024-07-08 23:57:48 +0000"
    },
    "done": false
  },
  "DataVersion": 3120
}